year4,station_id,sampledate,month,daynum,avg_air_temp,flag_avg_air_temp,avg_rel_hum,flag_avg_rel_hum,avg_wind_speed,flag_avg_wind_speed,avg_opt_do_raw,flag_avg_opt_do_raw,avg_opt_dosat_raw,flag_avg_opt_dosat_raw,avg_opt_wtemp,flag_avg_opt_wtemp,avg_cr10_battery,avg_rad_battery,avg_wind_speed2,flag_avg_wind_speed2,avg_ysi_do,flag_avg_ysi_do,avg_ysi_dosat,flag_avg_ysi_dosat,avg_ysi_wtemp,flag_avg_ysi_wtemp,avg_ysi_chg,flag_avg_ysi_chg,avg_ysi_battery
2005,2702.00,2005-05-28,5,148,,,,,,"D",,,,,,,13.42,13.22,,,8.90,,91.67,,16.77,,51.10,,13.64
2005,2702.00,2005-05-29,5,149,,,,,,"D",,,,,,,13.45,13.23,,,8.85,,91.97,,17.21,,50.83,,13.67
2005,2702.00,2005-05-30,5,150,,,,,,"D",,,,,,,13.38,13.21,,,9.07,,96.25,,18.23,"H",51.00,,13.60
2005,2702.00,2005-05-31,5,151,,,,,,"D",,,,,,,13.44,13.23,,,8.93,,95.37,,18.54,"H",50.67,,13.65
2005,2702.00,2005-06-01,6,152,,,,,,"D",,,,,,,13.30,13.17,,,8.90,,97.68,,19.88,,50.70,,13.51
2005,2702.00,2005-06-02,6,153,,,,,,"D",,,,,,,13.28,13.16,,,8.79,,98.66,,21.06,,50.57,,13.46
2005,2702.00,2005-06-03,6,154,,,,,,"D",,,,,,,13.29,13.17,,,8.26,,93.90,,21.67,,50.61,,13.33
2005,2702.00,2005-06-04,6,155,,,,,,"D",,,,,,,13.23,13.14,,,7.80,,89.18,,22.02,,50.99,,13.17
2005,2702.00,2005-06-05,6,156,,,,,,"D",,,,,,,13.29,13.14,,,7.52,,85.99,,21.99,,50.76,,13.21
2005,2702.00,2005-06-06,6,157,,,,,,"D",,,,,,,13.32,13.14,,,7.20,,82.29,,21.92,,50.39,,13.25
2005,2702.00,2005-06-07,6,158,,,,,,"D",,,,,,,13.34,13.21,,,7.25,,82.38,,21.69,,50.69,,13.27
2005,2702.00,2005-06-08,6,159,,,,,1.79,,,,,,,,13.30,13.15,,,7.22,,82.83,,22.12,,51.50,,13.22
2005,2702.00,2005-06-09,6,160,,,,,1.30,,,,,,,,13.35,13.20,,,7.24,,84.36,,22.98,,52.63,,13.43
2005,2702.00,2005-06-10,6,161,,,,,1.98,,,,,,,,13.18,13.08,,,6.76,,79.30,,23.30,,51.74,,13.70
2005,2702.00,2005-06-11,6,162,,,,,1.98,,,,,,,,13.26,13.10,,,6.50,,76.92,,23.79,,51.08,,13.70
2005,2702.00,2005-06-12,6,163,,,,,2.12,,,,,,,,13.31,13.15,,,6.30,,75.56,,24.50,,50.74,,13.70
2005,2702.00,2005-06-13,6,164,,,,,1.53,,,,,,,,13.16,13.06,,,6.15,,73.14,"H",24.03,,49.89,,13.70
2005,2702.00,2005-06-14,6,165,,,,,2.08,,,,,,,,13.21,13.09,,,6.03,,70.79,"H",23.32,,49.13,,13.70
2005,2702.00,2005-06-15,6,166,,,,,2.72,,,,,,,,13.32,13.08,,,,"C",,"C",,"C",,"C",13.70
2005,2702.00,2005-06-16,6,167,,,,,2.23,,,,,,,,13.27,12.99,,,,"C",,"C",,"C",,"C",13.70
2005,2702.00,2005-06-17,6,168,,,,,1.79,"E",,,,,,,13.25,12.99,,,,"C",,"C",,"C",,"C",13.70
2005,2702.00,2005-06-18,6,169,,,,,1.61,,,,,,,,13.24,13.00,,,7.79,,89.24,,22.00,,52.81,,13.70
2005,2702.00,2005-06-19,6,170,,,,,1.68,,,,,,,,13.22,13.04,,,7.96,,92.56,,22.83,,53.56,,13.70
2005,2702.00,2005-06-20,6,171,,,,,1.89,,,,,,,,13.25,13.13,,,7.72,,91.56,,23.94,,54.18,,13.70
2005,2702.00,2005-06-21,6,172,,,,,1.54,,,,,,,,13.20,13.07,,,7.70,,92.20,,24.45,,54.58,,13.70
2005,2702.00,2005-06-22,6,173,,,,,1.71,,,,,,,,13.23,13.09,,,7.17,,86.31,,24.71,,53.85,,13.70
2005,2702.00,2005-06-23,6,174,,,,,3.56,,,,,,,,13.28,13.17,,,7.07,,85.71,,25.12,"H",53.75,,13.70
2005,2702.00,2005-06-24,6,175,,,,,2.14,,,,,,,,13.27,13.16,,,6.69,,81.72,,25.49,"H",53.19,,13.70
2005,2702.00,2005-06-25,6,176,,,,,1.09,,,,,,,,13.29,13.15,,,7.05,,84.89,,24.75,,52.99,,13.70
2005,2702.00,2005-06-26,6,177,,,,,2.38,,,,,,,,13.29,13.16,,,7.08,,85.33,,24.78,,52.87,,13.70
2005,2702.00,2005-06-27,6,178,,,,,2.91,,,,,,,,13.18,13.07,,,6.67,,80.80,,25.10,"H",52.61,,13.70
2005,2702.00,2005-06-28,6,179,,,,,1.95,,,,,,,,13.29,13.14,,,7.39,,90.27,,25.50,"H",53.50,,13.70
2005,2702.00,2005-06-29,6,180,,,,,2.79,,,,,,,,13.30,13.14,,,,"C",,"C",,"C",,"C",13.70
2005,2702.00,2005-06-30,6,181,,,,,4.42,,,,,,,,13.30,13.13,,,,"C",,"C",,"C",,"C",13.70
2005,2702.00,2005-07-01,7,182,,,,,2.92,,,,,,,,13.37,13.04,,,,"C",,"C",,"C",,"C",13.70
2005,2702.00,2005-07-02,7,183,,,,,2.07,,,,,,,,13.29,13.03,,,8.11,,93.62,,22.37,,65.90,,13.70
2005,2702.00,2005-07-03,7,184,,,,,2.60,,,,,,,,13.24,13.09,,,8.36,,96.94,,22.71,,66.91,,13.70
2005,2702.00,2005-07-04,7,185,,,,,1.70,,,,,,,,13.29,13.12,,,8.79,,102.91,,23.18,,67.72,,13.70
2005,2702.00,2005-07-05,7,186,,,,,1.77,,,,,,,,13.26,13.12,,,8.61,,99.97,,22.81,,67.37,,13.70
2005,2702.00,2005-07-06,7,187,,,,,1.11,,,,,,,,13.28,13.09,,,8.54,,97.74,,22.03,,67.36,,13.70
2005,2702.00,2005-07-07,7,188,,,,,1.45,,,,,,,,13.20,13.04,,,8.87,,103.20,,22.84,,67.88,,13.70
2005,2702.00,2005-07-08,7,189,,,,,1.47,,,,,,,,13.21,13.07,,,8.94,,106.16,,23.96,,67.92,,13.70
2005,2702.00,2005-07-09,7,190,,,,,1.64,,,,,,,,13.24,13.13,,,8.68,,105.33,,25.11,,68.04,,13.70
2005,2702.00,2005-07-10,7,191,,,,,1.44,,,,,,,,13.25,13.15,,,8.46,,104.85,,26.28,,68.15,,13.70
2005,2702.00,2005-07-11,7,192,,,,,1.42,,,,,,,,13.21,13.12,,,8.06,,100.73,,26.75,,67.71,,13.70
2005,2702.00,2005-07-12,7,193,,,,,1.04,,,,,,,,13.22,13.15,,,8.18,,102.75,,27.04,,68.02,,13.70
2005,2702.00,2005-07-13,7,194,,,,,1.58,,,,,,,,13.23,13.16,,,8.13,,103.01,,27.53,,68.07,,13.70
2005,2702.00,2005-07-14,7,195,,,,,1.27,,,,,,,,13.20,13.11,,,8.25,,104.28,,27.41,,67.93,,13.70
2005,2702.00,2005-07-15,7,196,,,,,1.29,,,,,,,,13.19,13.11,,,7.56,,95.41,,27.31,,66.71,,13.70
2005,2702.00,2005-07-16,7,197,,,,,1.45,,,,,,,,13.26,13.19,,,7.85,,100.71,,28.24,"H",67.22,,13.70
2005,2702.00,2005-07-17,7,198,,,,,2.34,,,,,,,,13.22,13.18,,,7.58,,98.50,,28.97,"H",67.16,,13.70
2005,2702.00,2005-07-18,7,199,,,,,3.08,,,,,,,,13.26,13.16,,,7.20,,91.48,,27.66,,65.85,,13.70
2005,2702.00,2005-07-19,7,200,,,,,1.86,,,,,,,,13.31,13.12,,,,"C",,"C",,"C",,"C",13.70
2005,2702.00,2005-07-20,7,201,,,,,1.82,,,,,,,,13.29,13.15,,,7.73,,94.92,,25.73,,69.63,,13.70
2005,2702.00,2005-07-21,7,202,,,,,1.54,,,,,,,,13.26,13.15,,,8.28,,101.93,,25.95,,68.12,,13.70
2005,2702.00,2005-07-22,7,203,,,,,1.12,,,,,,,,13.25,13.10,,,8.11,,99.45,,25.69,,65.99,,13.70
2005,2702.00,2005-07-23,7,204,,,,,2.07,,,,,,,,13.19,13.08,,,7.49,,90.74,,25.08,,63.51,,13.70
2005,2702.00,2005-07-24,7,205,,,,,1.66,,,,,,,,13.25,13.12,,,7.37,,88.91,,24.76,,61.54,,13.70
2005,2702.00,2005-07-25,7,206,,,,,1.29,,,,,,,,13.24,13.15,,,8.19,,98.82,,24.83,,60.45,,13.70
2005,2702.00,2005-07-26,7,207,,,,,2.49,,,,,,,,13.31,13.14,,,7.47,,88.41,,23.81,,58.63,,13.70
2005,2702.00,2005-07-27,7,208,,,,,1.46,,,,,,,,13.28,13.04,,,7.45,,87.63,,23.29,,57.44,,13.70
2005,2702.00,2005-07-28,7,209,,,,,0.99,,,,,,,,13.25,13.05,,,7.68,,88.85,,22.59,,56.34,,13.70
2005,2702.00,2005-07-29,7,210,,,,,0.89,,,,,,,,13.25,13.02,,,7.53,,86.71,,22.18,,55.20,,13.70
2005,2702.00,2005-07-30,7,211,,,,,2.42,,,,,,,,13.28,13.09,,,8.30,,96.64,,22.85,,54.96,,13.70
2005,2702.00,2005-07-31,7,212,,,,,1.77,,,,,,,,13.24,13.11,,,8.81,,105.30,,24.33,,54.69,,13.70
2005,2702.00,2005-08-01,8,213,,,,,1.45,,,,,,,,13.19,13.18,,,7.36,,90.19,,25.68,,52.78,,13.70
2005,2702.00,2005-08-02,8,214,,,,,1.30,,,,,,,,13.13,13.16,,,,"C",,"C",,"C",,"C",13.70
2005,2702.00,2005-08-03,8,215,,,,,1.27,,,,,,,,13.38,13.28,,,7.37,,93.14,,27.28,"H",73.87,,
2005,2702.00,2005-08-04,8,216,,,,,2.82,,,,,,,,13.22,13.06,,,7.07,,88.31,,26.69,"H",71.24,,
2005,2702.00,2005-08-05,8,217,,,,,1.37,,,,,,,,13.21,13.01,,,7.22,,87.83,,25.26,,68.04,,
2005,2702.00,2005-08-06,8,218,,,,,1.64,,,,,,,,13.23,13.03,,,7.12,,85.97,,24.83,,65.84,,
2005,2702.00,2005-08-07,8,219,,,,,1.41,,,,,,,,13.19,13.02,,,7.50,,90.59,,24.83,,64.95,,
2005,2702.00,2005-08-08,8,220,,,,,2.50,,,,,,,,13.21,13.09,,,7.33,,90.26,,25.92,,64.06,,
2005,2702.00,2005-08-09,8,221,,,,,0.91,,,,,,,,12.95,12.85,,,6.39,,77.89,,25.39,,61.55,,
2005,2702.00,2005-08-10,8,222,,,,,1.56,,,,,,,,13.17,12.97,,,6.31,,76.22,,24.79,,60.24,,
2005,2702.00,2005-08-11,8,223,,,,,1.40,,,,,,,,13.20,13.09,,,6.43,,76.40,,24.02,,58.54,,
2005,2702.00,2005-08-12,8,224,,,,,2.00,,,,,,,,13.27,13.09,,,6.21,,73.76,"H",23.90,,57.37,,
2005,2702.00,2005-08-13,8,225,,,,,1.58,,,,,,,,13.24,13.03,,,6.29,,74.23,"H",23.59,,55.90,,
2005,2702.00,2005-08-14,8,226,,,,,1.46,,,,,,,,13.22,12.98,,,6.00,,70.33,"H",23.19,,55.01,,
2005,2702.00,2005-08-15,8,227,,,,,1.29,,,,,,,,13.21,12.96,,,5.91,"H",68.66,"H",22.77,,54.48,,
2005,2702.00,2005-08-16,8,228,,,,,1.42,,,,,,,,13.22,13.01,,,6.11,,71.12,"H",22.86,,54.32,,
2005,2702.00,2005-08-17,8,229,,,,,2.19,,,,,,,,13.28,13.10,,,5.96,"H",69.11,"H",22.71,,53.79,,
2005,2702.00,2005-08-18,8,230,,,,,1.90,,,,,,,,13.12,12.96,,,,"C",,"C",,"C",,"C",
2005,2702.00,2005-08-19,8,231,,,,,0.80,,,,,,,,13.18,12.97,,,,"C",,"C",,"C",,"C",
2005,2702.00,2005-08-20,8,232,,,,,2.34,,,,,,,,13.21,12.99,,,,"C",,"C",,"C",,"C",
2005,2702.00,2005-08-21,8,233,,,,,2.76,,,,,,,,13.27,13.02,,,,"C",,"C",,"C",,"C",
2005,2702.00,2005-08-22,8,234,,,,,1.80,,,,,,,,13.32,12.94,,,,"C",,"C",,"C",,"C",
2005,2702.00,2005-08-23,8,235,,,,,1.12,,,,,,,,13.25,12.89,,,,"C",,"C",,"C",,"C",
2005,2702.00,2005-08-24,8,236,,,,,1.47,,,,,,,,13.30,13.02,,,,"C",,"C",,"C",,"C",
2005,2702.00,2005-08-25,8,237,,,,,1.36,,,,,,,,13.26,12.96,,,,"C",,"C",,"C",,"C",
2005,2702.00,2005-08-26,8,238,,,,,1.59,,,,,,,,13.11,12.91,,,,"C",,"C",,"C",,"C",
2005,2702.00,2005-08-27,8,239,,,,,1.93,,,,,,,,13.19,12.95,,,,"C",,"C",,"C",,"C",
2005,2702.00,2005-08-28,8,240,,,,,1.76,,,,,,,,13.26,13.00,,,,"C",,"C",,"C",,"C",
2005,2702.00,2005-08-29,8,241,,,,,1.40,,,,,,,,13.27,13.00,,,,"C",,"C",,"C",,"C",
2005,2702.00,2005-08-30,8,242,,,,,1.45,,,,,,,,13.27,13.03,,,,"C",,"C",,"C",,"C",
2005,2702.00,2005-08-31,8,243,,,,,1.32,,,,,,,,13.23,12.97,,,,"C",,"C",,"C",,"C",
2005,2702.00,2005-09-01,9,244,,,,,3.37,,,,,,,,13.22,12.91,,,,"C",,"C",,"C",,"C",
2005,2702.00,2005-09-02,9,245,,,,,2.63,,,,,,,,13.24,12.92,,,,"C",,"C",,"C",,"C",
2005,2702.00,2005-09-03,9,246,,,,,0.89,,,,,,,,13.19,12.88,,,,"C",,"C",,"C",,"C",
2005,2702.00,2005-09-04,9,247,,,,,2.25,,,,,,,,13.20,12.92,,,,"C",,"C",,"C",,"C",
2005,2702.00,2005-09-05,9,248,,,,,2.30,,,,,,,,13.22,12.99,,,,"C",,"C",,"C",,"C",
2005,2702.00,2005-09-06,9,249,,,,,2.23,,,,,,,,13.15,12.92,,,,"C",,"C",,"C",,"C",
2005,2702.00,2005-09-07,9,250,,,,,0.74,,,,,,,,13.20,12.98,,,,"C",,"C",,"C",,"C",
2005,2702.00,2005-09-08,9,251,,,,,0.90,,,,,,,,13.31,12.93,,,,"C",,"C",,"C",,"C",
2005,2702.00,2005-09-09,9,252,,,,,2.18,,,,,,,,13.24,12.90,,,,"C",,"C",,"C",,"C",
2005,2702.00,2005-09-10,9,253,,,,,2.47,,,,,,,,13.20,12.98,,,,"C",,"C",,"C",,"C",
2005,2702.00,2005-09-11,9,254,,,,,2.72,,,,,,,,13.17,12.99,,,,"C",,"C",,"C",,"C",
2005,2702.00,2005-09-12,9,255,,,,,1.84,,,,,,,,13.12,12.97,,,,"C",,"C",,"C",,"C",
2005,2702.00,2005-09-13,9,256,,,,,1.90,,,,,,,,13.13,12.93,,,,"C",,"C",,"C",,"C",
2005,2702.00,2005-09-14,9,257,,,,,1.86,,,,,,,,13.20,12.92,,,,"C",,"C",,"C",,"C",
2005,2702.00,2005-09-15,9,258,,,,,1.22,,,,,,,,13.25,12.84,,,,"C",,"C",,"C",,"C",
2005,2702.00,2005-09-16,9,259,,,,,0.94,,,,,,,,13.24,12.85,,,,"C",,"C",,"C",,"C",
2005,2702.00,2005-09-17,9,260,,,,,1.34,,,,,,,,13.19,12.87,,,,"C",,"C",,"C",,"C",
2005,2702.00,2005-09-18,9,261,,,,,0.92,,,,,,,,13.19,12.91,,,,"C",,"C",,"C",,"C",
2005,2702.00,2005-09-19,9,262,,,,,1.83,,,,,,,,13.11,12.70,,,,"C",,"C",,"C",,"C",
2005,2702.00,2005-09-20,9,263,,,,,1.24,,,,,,,,13.24,12.78,,,,"C",,"C",,"C",,"C",
2005,2702.00,2005-09-21,9,264,,,,,1.66,,,,,,,,13.15,12.81,,,,"C",,"C",,"C",,"C",
2005,2702.00,2005-09-22,9,265,,,,,1.68,,,,,,,,13.22,12.84,,,,"C",,"C",,"C",,"C",
2005,2702.00,2005-09-23,9,266,,,,,1.53,,,,,,,,13.24,12.70,,,,"C",,"C",,"C",,"C",
2005,2702.00,2005-09-24,9,267,,,,,2.01,,,,,,,,13.10,12.71,,,,"C",,"C",,"C",,"C",
2005,2702.00,2005-09-25,9,268,,,,,1.10,,,,,,,,12.75,12.36,,,,"C",,"C",,"C",,"C",
2005,2702.00,2005-09-26,9,269,,,,,1.53,,,,,,,,13.15,12.60,,,,"C",,"C",,"C",,"C",
2005,2702.00,2005-09-27,9,270,,,,,1.73,,,,,,,,13.22,12.71,,,,"C",,"C",,"C",,"C",
2005,2702.00,2005-09-28,9,271,,,,,2.40,,,,,,,,12.79,12.39,,,,"C",,"C",,"C",,"C",
2005,2702.00,2005-09-29,9,272,,,,,2.64,,,,,,,,13.17,12.66,,,,"C",,"C",,"C",,"C",
2005,2702.00,2005-09-30,9,273,,,,,2.64,,,,,,,,13.24,12.69,,,,"C",,"C",,"C",,"C",
2005,2702.00,2005-10-01,10,274,,,,,1.35,,,,,,,,13.18,12.68,,,,"C",,"C",,"C",,"C",
2005,2702.00,2005-10-02,10,275,,,,,3.05,,,,,,,,13.11,12.75,,,,"C",,"C",,"C",,"C",
2005,2702.00,2005-10-03,10,276,,,,,2.18,,,,,,,,12.90,12.64,,,,"C",,"C",,"C",,"C",
2005,2702.00,2005-10-04,10,277,,,,,2.07,,,,,,,,12.81,12.38,,,,"C",,"C",,"C",,"C",
2005,2702.00,2005-10-05,10,278,,,,,1.92,,,,,,,,12.77,12.30,,,,"C",,"C",,"C",,"C",
2005,2702.00,2005-10-06,10,279,,,,,3.09,,,,,,,,13.09,12.50,,,,"C",,"C",,"C",,"C",
2005,2702.00,2005-10-07,10,280,,,,,1.70,,,,,,,,13.22,12.67,,,,"C",,"C",,"C",,"C",
2005,2702.00,2005-10-08,10,281,,,,,1.06,,,,,,,,13.19,12.54,,,4.21,"H",57.46,"H",10.73,,,"C",
2005,2702.00,2005-10-09,10,282,,,,,0.95,,,,,,,,13.00,12.50,,,6.17,,58.63,"H",13.02,,,"C",
2005,2702.00,2005-10-10,10,283,,,,,0.76,,,,,,,,13.01,12.54,,,6.44,,60.76,"H",12.71,,,"C",
2005,2702.00,2005-10-11,10,284,,,,,1.56,,,,,,,,13.04,12.57,,,6.57,,61.95,"H",12.66,,,"C",
2005,2702.00,2005-10-12,10,285,,,,,0.65,,,,,,,,12.67,12.28,,,7.13,,68.16,"H",13.30,,,"C",
2005,2702.00,2005-10-13,10,286,,,,,0.76,,,,,,,,12.71,12.20,,,7.76,,73.85,"H",13.10,,,"C",
2005,2702.00,2005-10-14,10,287,,,,,1.98,,,,,,,,12.96,12.48,,,6.55,,61.55,"H",12.53,,,"C",
2005,2702.00,2005-10-15,10,288,,,,,2.77,,,,,,,,12.92,12.59,,,6.45,,59.83,"H",11.97,,,"C",
2005,2702.00,2005-10-16,10,289,,,,,0.95,,,,,,,,13.06,12.62,,,6.91,,64.01,"H",11.91,,,"C",
2005,2702.00,2005-10-17,10,290,,,,,2.20,,,,,,,,13.03,12.60,,,7.33,,67.61,"H",11.74,,,"C",
2005,2702.00,2005-10-18,10,291,,,,,1.72,,,,,,,,13.10,12.68,,,7.37,,63.53,"H",10.03,,,"C",
2005,2702.00,2005-10-19,10,292,,,,,1.81,,,,,,,,13.20,12.56,,,6.75,,61.84,"H",11.44,,54.09,,
2005,2702.00,2005-10-20,10,293,,,,,0.76,,,,,,,,13.16,12.50,,,6.81,,61.72,"H",10.95,,52.54,,
2006,2702.00,2006-07-07,7,188,21.05,,62.01,,1.14,,,,,,,,13.24,13.54,,,,,,,,,,,
2006,2702.00,2006-07-08,7,189,20.48,,77.89,,1.18,,,,,,,,13.16,13.36,,,,,,,,,,,
2006,2702.00,2006-07-09,7,190,18.28,,78.75,,1.28,,,,,,,,13.25,13.45,,,,,,,,,,,
2006,2702.00,2006-07-10,7,191,16.04,,74.69,,0.92,,,,,,,,13.30,13.49,,,,,,,,,,,
2006,2702.00,2006-07-11,7,192,19.51,,75.31,,0.66,,,,,,,,13.25,13.48,,,,,,,,,,,
2006,2702.00,2006-07-12,7,193,21.93,,71.81,,0.56,,,,,,,,13.22,13.45,,,,,,,,,,,
2006,2702.00,2006-07-13,7,194,24.61,,64.81,,0.88,,,,,,,,13.15,13.48,,,,,,,,,,,
2006,2702.00,2006-07-14,7,195,23.29,,72.97,,0.74,,,,,,,,13.14,13.40,,,,,,,,,,,
2006,2702.00,2006-07-15,7,196,26.76,,53.86,,1.12,,,,,,,,13.16,13.44,,,,,,,,,,,
2006,2702.00,2006-07-16,7,197,27.49,,64.00,,1.10,,,,,,,,13.12,13.41,,,,,,,,,,,
2006,2702.00,2006-07-17,7,198,24.40,,65.57,,1.43,,,,,,,,13.14,13.39,,,,,,,,,,,
2006,2702.00,2006-07-18,7,199,20.68,,62.31,,0.66,,,,,,,,13.27,13.47,,,,,,,,,,,
2006,2702.00,2006-07-19,7,200,21.91,,62.50,,1.34,,,,,,,,13.29,13.48,,,,,,,,,,,
2006,2702.00,2006-07-20,7,201,22.16,,62.05,,1.01,,,,,,,,13.24,13.45,,,,,,,,,,,
2006,2702.00,2006-07-21,7,202,18.25,,73.23,,0.56,,,,,,,,13.24,13.40,,,,,,,,,,,
2006,2702.00,2006-07-22,7,203,18.55,,67.79,,0.83,,,,,,,,13.28,13.44,,,,,,,,,,,
2006,2702.00,2006-07-23,7,204,19.56,,68.15,,0.92,,,,,,,,13.32,13.48,,,,,,,,,,,
2006,2702.00,2006-07-24,7,205,22.79,,72.56,,1.02,,,,,,,,13.25,13.44,,,,,,,,,,,
2006,2702.00,2006-07-25,7,206,21.81,,81.01,,0.76,,,,,,,,13.23,13.45,,,,,,,,,,,
2006,2702.00,2006-07-26,7,207,21.48,,79.09,,0.79,,,,,,,,13.17,13.39,,,,,,,,,,,
2006,2702.00,2006-07-27,7,208,22.43,,70.76,,0.59,,,,,,,,13.26,13.48,,,,,,,,,,,
2006,2702.00,2006-07-28,7,209,25.43,,70.21,,1.08,,,,,,,,13.19,13.48,,,,,,,,,,,
2006,2702.00,2006-07-29,7,210,23.15,,78.87,,0.89,,,,,,,,13.12,13.43,,,,,,,,,,,
2006,2702.00,2006-07-30,7,211,20.80,,85.39,,1.08,,,,,,,,12.95,13.11,,,,,,,,,,,
2006,2702.00,2006-07-31,7,212,29.82,"H",55.38,,1.33,,8.05,"A17",99.68,"A17",26.23,"A17",12.94,13.33,,,,,,,,,,,
2006,2702.00,2006-08-01,8,213,22.25,,89.44,,0.56,,7.58,,93.58,,26.08,"H",13.11,13.34,,,,,,,,,,,
2006,2702.00,2006-08-02,8,214,18.84,,85.89,,0.44,,7.53,,90.84,,24.78,,13.14,13.31,,,,,,,,,,,
2006,2702.00,2006-08-03,8,215,20.34,,72.28,,0.68,,,"D",,"D",,"C",13.25,13.44,,,,,,,,,,,
2006,2702.00,2006-08-04,8,216,20.62,,69.67,,0.60,,8.05,,97.44,,24.98,,13.22,13.46,,,,,,,,,,,
2006,2702.00,2006-08-05,8,217,21.19,,73.76,,0.82,,8.47,,102.33,,24.90,,13.20,13.43,,,,,,,,,,,
2006,2702.00,2006-08-06,8,218,21.15,,76.11,,1.25,,8.13,,96.77,,24.10,,13.17,13.41,,,,,,,,,,,
2006,2702.00,2006-08-07,8,219,17.61,,71.72,,1.01,,7.59,,90.03,,23.89,,13.25,13.44,,,,,,,,,,,
2006,2702.00,2006-08-08,8,220,17.15,,71.75,,0.72,,7.91,,93.47,,23.63,,13.28,13.43,,,,,,,,,,,
2006,2702.00,2006-08-09,8,221,19.28,,79.24,,0.62,,8.03,,94.45,,23.48,,13.20,13.44,,,,,,,,,,,
2006,2702.00,2006-08-10,8,222,17.95,,81.52,,0.97,,8.10,,95.07,,23.31,,13.27,13.48,,,,,,,,,,,
2006,2702.00,2006-08-11,8,223,16.35,,71.00,,0.93,,7.63,,88.87,,22.92,,13.26,13.44,,,,,,,,,,,
2006,2702.00,2006-08-12,8,224,17.00,,69.82,,0.74,,7.95,,92.64,,22.93,,13.27,13.41,,,,,,,,,,,
2006,2702.00,2006-08-13,8,225,19.82,,81.88,,1.05,,8.20,,95.66,,23.05,,13.16,13.37,,,,,,,,,,,
2006,2702.00,2006-08-14,8,226,18.87,,65.95,,1.61,,,"D",,"D",,"C",13.25,13.48,,,,,,,,,,,
2006,2702.00,2006-08-15,8,227,17.42,,66.08,,0.99,,8.04,,93.17,,22.65,,13.26,13.46,,,,,,,,,,,
2006,2702.00,2006-08-16,8,228,19.48,,74.24,,0.80,,8.42,,97.55,,22.66,,13.27,13.46,,,,,,,,,,,
2006,2702.00,2006-08-17,8,229,19.97,,70.86,,1.08,,,"D",,"D",,"C",13.14,13.40,,,,,,,,,,,
2006,2702.00,2006-08-18,8,230,20.71,,78.28,,0.65,,8.48,,98.75,,22.92,,13.16,13.42,,,,,,,,,,,
2006,2702.00,2006-08-19,8,231,16.54,,83.84,,1.01,,8.25,,95.64,,22.69,,13.18,13.40,,,,,,,,,,,
2006,2702.00,2006-08-20,8,232,17.14,,75.12,,0.66,,8.17,,94.05,,22.25,,13.24,13.45,,,,,,,,,,,
2006,2702.00,2006-08-21,8,233,17.81,,78.53,,0.82,,8.39,,97.14,,22.58,,13.16,13.42,,,,,,,,,,,
2006,2702.00,2006-08-22,8,234,16.74,,72.70,,0.66,,,"D",,"D",,"C",13.21,13.47,,,,,,,,,,,
2006,2702.00,2006-08-23,8,235,16.01,,82.62,,0.54,,8.13,,92.78,,21.84,,13.19,13.39,,,,,,,,,,,
2006,2702.00,2006-08-24,8,236,16.04,,83.47,,1.50,,,"D",,"D",,"C",13.15,13.41,,,,,,,,,,,
2006,2702.00,2006-08-25,8,237,15.92,,95.31,,1.05,,7.37,,81.67,,20.39,,12.98,13.09,,,,,,,,,,,
2006,2702.00,2006-08-26,8,238,17.29,,89.96,,0.49,,7.64,,84.78,,20.38,,13.11,13.23,,,,,,,,,,,
2006,2702.00,2006-08-27,8,239,17.54,,75.95,,0.41,,8.04,,89.55,,20.56,,13.26,13.42,,,,,,,,,,,
2006,2702.00,2006-08-28,8,240,16.38,,86.03,,0.20,"H",6.93,,76.68,,20.32,,13.21,13.38,,,,,,,,,,,
2006,2702.00,2006-08-29,8,241,15.36,,89.07,,0.81,,7.19,,79.24,,20.03,,13.27,13.43,,,,,,,,,,,
2006,2702.00,2006-08-30,8,242,15.81,,81.00,,0.75,,,"D",,"D",,"C",13.27,13.42,,,,,,,,,,,
2006,2702.00,2006-08-31,8,243,14.27,,75.04,,0.85,,8.00,,89.22,,20.62,,13.27,13.38,,,,,,,,,,,
2006,2702.00,2006-09-01,9,244,15.09,,76.55,,0.68,,,"D",,"D",,"C",13.24,13.37,,,,,,,,,,,
2006,2702.00,2006-09-02,9,245,14.70,,80.69,,0.54,,7.79,,86.11,,20.22,,13.27,13.41,,,,,,,,,,,
2006,2702.00,2006-09-03,9,246,15.93,,78.87,,0.52,,7.47,,82.42,,20.17,,13.27,13.43,,,,,,,,,,,
2006,2702.00,2006-09-04,9,247,17.05,,76.71,,0.39,,7.00,,77.91,,20.59,,13.26,13.48,,,,,,,,,,,
2006,2702.00,2006-09-05,9,248,16.79,,73.16,,0.61,,7.31,,81.22,,20.48,,13.24,13.43,,,,,,,,,,,
2006,2702.00,2006-09-06,9,249,15.68,,81.32,,0.55,,6.58,,72.99,"H",20.47,,13.25,13.42,,,,,,,,,,,
2006,2702.00,2006-09-07,9,250,19.09,,71.86,,0.93,,7.74,,86.66,,20.84,,13.25,13.43,,,,,,,,,,,
2006,2702.00,2006-09-08,9,251,10.51,,90.75,,1.11,,,"D",,"D",,"C",13.08,13.18,,,,,,,,,,,
2006,2702.00,2006-09-09,9,252,8.99,,73.76,,0.98,,,"D",,"D",,"C",13.31,13.32,,,,,,,,,,,
2006,2702.00,2006-09-10,9,253,8.87,,75.99,,0.83,,,"D",,"D",,"C",13.33,13.37,,,,,,,,,,,
2006,2702.00,2006-09-11,9,254,10.91,,81.51,,1.20,,,"D",,"D",,"C",13.28,13.38,,,,,,,,,,,
2006,2702.00,2006-09-12,9,255,11.88,,86.94,,0.85,,,"D",,"D",,"C",13.01,13.02,,,,,,,,,,,
2006,2702.00,2006-09-13,9,256,12.36,,78.15,,0.58,,,"D",,"D",,"C",13.24,13.32,,,,,,,,,,,
2006,2702.00,2006-09-14,9,257,12.90,,76.11,,0.70,,,"D",,"D",,"C",13.26,13.39,,,,,,,,,,,
2006,2702.00,2006-09-15,9,258,15.83,,77.02,,0.92,,,"D",,"D",,"C",13.26,13.43,,,,,,,,,,,
2006,2702.00,2006-09-16,9,259,18.10,,80.48,,1.94,,,"D",,"D",,"C",13.16,13.34,,,,,,,,,,,
2006,2702.00,2006-09-17,9,260,16.72,,88.09,,1.18,,,"D",,"D",,"C",13.15,13.31,,,,,,,,,,,
2006,2702.00,2006-09-18,9,261,7.58,,86.61,,1.06,,,"D",,"D",,"C",13.26,13.34,,,,,,,,,,,
2006,2702.00,2006-09-19,9,262,6.64,,88.84,,1.63,,,"D",,"D",,"C",13.25,13.26,,,,,,,,,,,
2006,2702.00,2006-09-20,9,263,6.54,,79.82,,0.92,,,"D",,"D",,"C",13.34,13.33,,,,,,,,,,,
2006,2702.00,2006-09-21,9,264,8.61,,77.22,,0.78,,,"D",,"D",,"C",13.29,13.24,,,,,,,,,,,
2006,2702.00,2006-09-22,9,265,11.90,,92.95,,1.49,,,"D",,"D",,"C",12.82,12.82,,,,,,,,,,,
2006,2702.00,2006-09-23,9,266,12.33,,93.42,,0.59,,,"D",,"D",,"C",12.90,12.96,,,,,,,,,,,
2006,2702.00,2006-09-24,9,267,8.87,,76.70,,1.01,,7.65,,74.53,"H",14.10,,13.24,13.25,,,,,,,,,,,
2006,2702.00,2006-09-25,9,268,9.32,,77.36,,1.25,,,"D",,"D",,"C",13.28,13.33,,,,,,,,,,,
2006,2702.00,2006-09-26,9,269,10.11,,75.81,,0.92,,,"D",,"D",,"C",13.28,13.39,,,,,,,,,,,
2006,2702.00,2006-09-27,9,270,7.60,,90.98,,0.86,,,"D",,"D",,"C",13.17,13.25,,,,,,,,,,,
2006,2702.00,2006-09-28,9,271,5.42,,88.65,,0.58,,,"D",,"D",,"C",13.30,13.28,,,,,,,,,,,
2006,2702.00,2006-09-29,9,272,5.49,,91.27,,0.66,,,"D",,"D",,"C",13.26,13.25,,,,,,,,,,,
2006,2702.00,2006-09-30,9,273,8.67,,85.55,,0.76,,,"D",,"D",,"C",13.23,13.26,,,,,,,,,,,
2006,2702.00,2006-10-01,10,274,10.28,,73.84,,0.75,,,"D",,"D",,"C",13.28,13.29,,,,,,,,,,,
2006,2702.00,2006-10-02,10,275,15.15,,78.82,,0.54,,,"D",,"D",,"C",13.23,13.36,,,,,,,,,,,
2006,2702.00,2006-10-03,10,276,12.89,,77.17,,0.90,,,"D",,"D",,"C",13.18,13.33,,,,,,,,,,,
2006,2702.00,2006-10-04,10,277,8.23,,73.85,,1.17,,,"D",,"D",,"C",13.21,13.28,,,,,,,,,,,
2006,2702.00,2006-10-05,10,278,5.44,,77.50,,0.47,,,"D",,"D",,"C",13.27,13.25,,,,,,,,,,,
2006,2702.00,2006-10-06,10,279,9.14,,65.15,,1.26,,,"D",,"D",,"C",13.27,13.29,,,,,,,,,,,
2006,2702.00,2006-10-07,10,280,14.45,,46.75,,1.92,,,"D",,"D",,"C",13.23,13.33,,,,,,,,,,,
2006,2702.00,2006-10-08,10,281,14.53,,52.90,,1.43,,,"D",,"D",,"C",13.21,13.38,,,,,,,,,,,
2006,2702.00,2006-10-09,10,282,5.48,,71.42,,0.74,,,"D",,"D",,"C",13.17,13.25,,,,,,,,,,,
2006,2702.00,2006-10-10,10,283,4.18,,70.68,,0.89,,,"D",,"D",,"C",13.29,13.19,,,,,,,,,,,
2006,2702.00,2006-10-11,10,284,1.25,,89.18,,0.92,,9.31,,82.74,,10.13,,13.02,12.89,,,,,,,,,,,
2006,2702.00,2006-10-12,10,285,-3.43,,85.71,,0.20,"H",9.84,,82.88,,7.90,,13.27,13.13,,,,,,,,,,,
2006,2702.00,2006-10-13,10,286,-0.27,,90.96,,1.56,,10.57,,85.30,,6.20,"H",13.23,13.07,,,,,,,,,,,
2006,2702.00,2006-10-14,10,287,-0.24,,80.75,,1.28,,11.06,,87.52,,5.41,"H",13.23,13.04,,,,,,,,,,,
2006,2702.00,2006-10-15,10,288,0.87,,71.35,,0.57,,11.08,,88.12,,5.59,"H",13.30,13.06,,,,,,,,,,,
2006,2702.00,2006-10-16,10,289,6.02,,89.28,,1.02,,11.32,,90.22,,5.69,"H",12.88,12.76,,,,,,,,,,,
2006,2702.00,2006-10-17,10,290,8.67,,94.91,,0.46,,11.32,,91.65,,6.32,"H",12.73,12.66,,,,,,,,,,,
2006,2702.00,2006-10-18,10,291,2.35,,90.31,,0.79,,11.24,,90.84,,6.25,"H",12.70,12.58,,,,,,,,,,,
2006,2702.00,2006-10-19,10,292,1.06,,79.11,,0.70,,11.04,,88.05,,5.70,"H",12.63,12.46,,,,,,,,,,,
2006,2702.00,2006-10-20,10,293,1.83,,78.58,,0.49,,10.99,,87.60,,5.69,"H",12.93,12.89,,,,,,,,,,,
2006,2702.00,2006-10-21,10,294,1.18,,84.26,,0.48,,11.00,,87.28,,5.51,"H",12.78,12.77,,,,,,,,,,,
2006,2702.00,2006-10-22,10,295,-0.98,,74.51,,0.46,,11.13,,86.96,,4.91,"H",12.83,12.70,,,,,,,,,,,
2006,2702.00,2006-10-23,10,296,-0.38,,88.69,,0.49,,11.36,,87.59,,4.40,"H",12.94,12.76,,,,,,,,,,,
2006,2702.00,2006-10-24,10,297,-1.22,,84.68,,0.45,,11.22,,86.77,,4.53,"H",13.20,13.05,,,,,,,,,,,
2006,2702.00,2006-10-25,10,298,-0.84,,77.81,,0.38,,11.15,,86.63,,4.68,"H",13.27,13.06,,,,,,,,,,,
2006,2702.00,2006-10-26,10,299,-0.46,,83.30,,0.48,,11.28,,87.18,,4.48,"H",13.24,13.16,,,,,,,,,,,
2006,2702.00,2006-10-27,10,300,2.83,,77.64,,0.76,,11.38,,88.27,,4.62,"H",13.25,13.13,,,,,,,,,,,
2006,2702.00,2006-10-28,10,301,1.86,,73.98,,1.64,,11.71,,90.83,,4.63,"H",13.24,13.17,,,,,,,,,,,
2006,2702.00,2006-10-29,10,302,0.62,,63.93,,1.09,,11.88,,91.34,,4.30,"H",13.26,13.09,,,,,,,,,,,
2006,2702.00,2006-10-30,10,303,5.46,,73.38,,1.39,,11.88,,92.12,,4.62,"H",13.24,13.13,,,,,,,,,,,
2006,2702.00,2006-10-31,10,304,-0.34,,62.65,,2.36,,12.18,"H",93.91,,4.40,"H",13.17,13.13,,,,,,,,,,,
2006,2702.00,2006-11-01,11,305,-3.22,,59.13,,1.83,,12.55,,94.30,,3.42,,13.19,12.98,,,,,,,,,,,
2006,2702.00,2006-11-02,11,306,-3.86,,67.36,,1.70,,12.95,,94.92,,2.50,,13.12,12.95,,,,,,,,,,,
2006,2702.00,2006-11-03,11,307,-3.81,,67.06,,0.82,,12.88,,94.45,,2.51,,13.26,12.96,,,,,,,,,,,
2006,2702.00,2006-11-04,11,308,-0.04,,72.19,,0.74,,12.45,,92.98,,3.20,,12.90,12.66,,,,,,,,,,,
2006,2702.00,2006-11-05,11,309,2.70,,81.46,,0.41,,12.39,,93.30,,3.49,,12.98,12.84,,,,,,,,,,,
2006,2702.00,2006-11-06,11,310,6.34,,83.60,,1.01,,12.63,,96.19,,3.93,,13.20,13.05,,,,,,,,,,,
2007,2702.00,2007-06-08,6,159,14.10,,63.91,,1.62,,7.44,,80.66,,19.26,,12.88,12.72,,,,,,,,,,,
2007,2702.00,2007-06-09,6,160,16.73,,57.28,,1.15,,7.44,,82.13,,20.17,,12.87,12.70,,,,,,,,,,,
2007,2702.00,2007-06-10,6,161,18.96,,68.56,,0.76,,7.50,,86.19,,22.23,,12.86,12.70,,,,,,,,,,,
2007,2702.00,2007-06-11,6,162,19.62,,74.42,,0.86,,7.60,,90.30,,23.98,,12.91,12.73,,,,,,,,,,,
2007,2702.00,2007-06-12,6,163,21.78,,64.99,,0.77,,7.54,,91.64,,25.25,"H",12.91,12.78,,,,,,,,,,,
2007,2702.00,2007-06-13,6,164,20.80,,64.29,,0.76,,7.45,,91.73,,25.91,"H",12.92,12.79,,,,,,,,,,,
2007,2702.00,2007-06-14,6,165,21.76,,67.55,,0.70,,7.25,,90.13,,26.43,"H",12.96,12.86,,,,,,,,,,,
2007,2702.00,2007-06-15,6,166,22.89,,66.76,,0.83,,7.21,,89.74,,26.54,"H",12.95,12.89,,,,,,,,,,,
2007,2702.00,2007-06-16,6,167,20.43,,71.05,,0.71,,7.08,,87.65,,26.20,"H",12.99,12.91,,,,,,,,,,,
2007,2702.00,2007-06-17,6,168,19.23,,82.64,,1.07,,7.39,,88.91,,24.68,,13.04,12.94,,,,,,,,,,,
2007,2702.00,2007-06-18,6,169,21.34,,80.44,,1.57,,7.23,,86.68,,24.48,,12.83,12.70,,,,,,,,,,,
2007,2702.00,2007-06-19,6,170,15.01,,69.55,,1.63,,7.01,,80.43,,22.14,,13.06,12.96,,,,,,,,,,,
2007,2702.00,2007-06-20,6,171,17.51,,67.76,,0.97,,6.93,,79.35,,21.96,,13.01,12.91,,,,,,,,,,,
2007,2702.00,2007-06-21,6,172,16.99,,61.42,,0.63,,7.46,,87.08,,23.02,,12.96,12.93,,,,,,,,,,,
2007,2702.00,2007-06-22,6,173,18.05,,61.42,,0.94,,7.92,,93.72,,23.79,,12.98,13.06,,,,,,,,,,,
2007,2702.00,2007-06-23,6,174,18.59,,68.54,,0.86,,,"D",,"D",,"C",12.98,13.06,,,,,,,,,,,
2007,2702.00,2007-06-24,6,175,21.17,,73.22,,0.84,,7.81,,96.11,,25.90,"H",12.98,13.05,,,,,,,,,,,
2007,2702.00,2007-06-25,6,176,21.47,,76.82,,0.95,,7.72,,96.34,,26.71,"H",13.05,13.09,,,,,,,,,,,
2007,2702.00,2007-06-26,6,177,24.55,,75.43,,1.18,,7.64,,96.47,,27.33,"H",12.98,13.01,,,,,,,,,,,
2007,2702.00,2007-06-27,6,178,18.63,,67.58,,1.19,,7.60,,94.15,,26.23,"H",12.98,13.01,,,,,,,,,,,
2007,2702.00,2007-06-28,6,179,13.67,,71.36,,1.03,,7.54,,90.84,,24.73,,13.11,13.14,,,,,,,,,,,
2007,2702.00,2007-06-29,6,180,14.88,,67.54,,0.65,,7.59,,91.32,,24.64,,13.04,13.08,,,,,,,,,,,
2007,2702.00,2007-06-30,6,181,15.77,,66.11,,0.84,,7.50,,90.36,,24.66,,13.05,13.09,,,,,,,,,,,
2007,2702.00,2007-07-01,7,182,15.33,,63.16,,0.78,,7.18,,86.01,,24.41,,13.06,13.09,,,,,,,,,,,
2007,2702.00,2007-07-02,7,183,15.57,,77.30,,0.89,,7.43,,85.94,,22.61,,13.00,13.02,,,,,,,,,,,
2007,2702.00,2007-07-03,7,184,20.57,,78.03,,0.67,,6.78,,79.92,,23.61,,13.02,13.05,,,,,,,,,,,
2007,2702.00,2007-07-04,7,185,21.60,,68.28,,0.89,,,"D",,"D",,"C",13.02,13.08,,,,,,,,,,,
2007,2702.00,2007-07-05,7,186,18.82,,75.37,,0.82,,7.02,,84.95,,24.95,,13.03,13.10,,,,,,,,,,,
2007,2702.00,2007-07-06,7,187,19.64,,69.61,,0.69,,7.47,,91.42,,25.45,,13.01,13.10,,,,,,,,,,,
2007,2702.00,2007-07-07,7,188,22.76,,67.58,,0.98,,7.87,,97.41,,26.19,,12.99,13.06,,,,,,,,,,,
2007,2702.00,2007-07-08,7,189,23.97,,82.73,,0.69,,7.75,,96.69,,26.65,,12.85,12.90,,,,,,,,,,,
2007,2702.00,2007-07-09,7,190,20.64,,70.70,,0.48,,7.61,,95.13,,26.75,,13.01,13.08,,,,,,,,,,,
2007,2702.00,2007-07-10,7,191,18.18,,76.58,,1.87,,7.80,,94.39,,24.97,,13.04,13.09,,,,,,,,,,,
2007,2702.00,2007-07-11,7,192,14.22,,77.23,,1.09,,7.46,,86.87,,22.93,,13.03,13.08,,,,,,,,,,,
2007,2702.00,2007-07-31,7,212,26.23,,62.67,,0.77,,,"D",,"D",,"C",13.09,13.06,,,,,,,,,,,
2007,2702.00,2007-08-01,8,213,24.80,,65.34,,1.28,,7.82,,99.45,,27.74,"H",12.83,12.81,,,,,,,,,,,
2007,2702.00,2007-08-02,8,214,23.15,,51.39,,1.22,,7.70,,96.87,,27.14,"H",12.81,12.81,,,,,,,,,,,
2007,2702.00,2007-08-03,8,215,19.81,,58.06,,0.86,,7.50,,93.15,,26.37,"H",12.80,12.81,,,,,,,,,,,
2007,2702.00,2007-08-04,8,216,19.28,,67.57,,0.86,,7.58,,93.36,,25.94,,12.81,12.83,,,,,,,,,,,
2007,2702.00,2007-08-05,8,217,17.63,,86.48,,0.79,,7.32,,87.23,,24.16,,12.47,12.50,,,,,,,,,,,
2007,2702.00,2007-08-06,8,218,21.38,,70.87,,0.89,,7.22,,86.97,,24.66,,12.54,12.58,,,,,,,,,,,
2007,2702.00,2007-08-07,8,219,22.13,,77.02,,1.01,,7.69,,92.76,,24.78,,12.65,12.69,,,,,,,,,,,
2007,2702.00,2007-08-08,8,220,20.24,,69.17,,0.68,,7.43,,90.74,,25.51,,12.70,12.75,,,,,,,,,,,
2007,2702.00,2007-08-09,8,221,21.19,,77.05,,0.69,,7.82,,95.84,,25.71,,12.66,12.72,,,,,,,,,,,
2007,2702.00,2007-08-10,8,222,22.37,,72.00,,0.61,,7.70,,95.60,,26.38,"H",12.72,12.76,,,,,,,,,,,
2007,2702.00,2007-08-11,8,223,23.40,,71.92,,1.00,,7.84,,96.30,,25.78,,12.72,12.78,,,,,,,,,,,
2007,2702.00,2007-08-12,8,224,20.07,,67.81,,0.85,,7.75,,95.31,,25.88,,12.72,12.78,,,,,,,,,,,
2007,2702.00,2007-08-13,8,225,18.41,,61.78,,0.97,,7.44,,90.05,,25.00,,12.65,12.71,,,,,,,,,,,
2007,2702.00,2007-08-14,8,226,21.53,,65.84,,1.05,,7.46,,89.32,,24.41,,12.66,12.72,,,,,,,,,,,
2007,2702.00,2007-08-15,8,227,20.07,,68.43,,1.16,,7.25,,86.82,,24.40,,12.73,12.80,,,,,,,,,,,
2007,2702.00,2007-08-16,8,228,16.30,,63.01,,0.94,,7.42,,88.24,,24.04,,12.75,12.83,,,,,,,,,,,
2007,2702.00,2007-08-17,8,229,13.88,,61.55,,1.23,,7.07,,82.24,,22.89,,12.73,12.81,,,,,,,,,,,
2007,2702.00,2007-08-18,8,230,12.03,,77.68,,0.89,,6.89,,77.60,,21.24,,12.47,12.55,,,,,,,,,,,
2007,2702.00,2007-08-19,8,231,14.84,,80.32,,1.47,,6.36,,70.11,"H",20.10,,12.32,12.39,,,,,,,,,,,
2007,2702.00,2007-08-20,8,232,15.37,,86.47,,2.02,,5.92,"H",64.07,"H",19.18,,12.21,12.28,,,,,,,,,,,
2007,2702.00,2007-08-21,8,233,16.58,,92.64,,1.15,,6.00,,64.36,"H",18.72,,12.15,12.21,,,,,,,,,,,
2007,2702.00,2007-08-22,8,234,20.86,,80.98,,0.40,,6.76,,75.79,,20.82,,12.33,12.37,,,,,,,,,,,
2007,2702.00,2007-08-23,8,235,20.13,,81.40,,0.34,,8.22,,93.90,,21.92,,12.14,12.20,,,,,,,,,,,
2007,2702.00,2007-08-24,8,236,18.22,,69.34,,0.62,,8.21,,93.64,,21.84,,12.32,12.37,,,,,,,,,,,
2007,2702.00,2007-08-25,8,237,15.31,,69.84,,0.77,,8.17,,92.12,,21.25,,12.32,12.40,,,,,,,,,,,
2007,2702.00,2007-08-26,8,238,17.50,,69.76,,1.24,,7.64,,86.56,,21.49,,12.34,12.44,,,,,,,,,,,
2007,2702.00,2007-08-27,8,239,19.48,,80.13,,1.77,,7.97,,90.26,,21.48,,12.21,12.32,,,,,,,,,,,
2007,2702.00,2007-08-28,8,240,20.64,,89.94,,0.51,,8.15,,93.65,,22.21,,12.08,12.16,,,,,,,,,,,
2007,2702.00,2007-08-29,8,241,16.37,,79.55,,0.63,,8.34,,96.08,,22.35,,12.28,12.35,,,,,,,,,,,
2007,2702.00,2007-08-30,8,242,14.11,,70.94,,0.60,,7.99,,91.31,,21.93,,12.38,12.47,,,,,,,,,,,
2007,2702.00,2007-08-31,8,243,16.35,,77.68,,0.58,,7.89,,89.36,,21.43,,12.27,12.36,,,,,,,,,,,
2007,2702.00,2007-09-01,9,244,19.98,,72.16,,0.98,,7.94,,91.21,,22.18,,12.35,12.42,,,,,,,,,,,
2007,2702.00,2007-09-02,9,245,19.97,,74.01,,1.26,,8.17,,93.76,,22.20,,12.42,12.51,,,,,,,,,,,
2007,2702.00,2007-09-03,9,246,17.80,,65.73,,0.72,,8.09,,93.27,,22.42,,12.42,12.50,,,,,,,,,,,
2007,2702.00,2007-09-04,9,247,22.70,,66.91,,1.09,,8.15,,95.04,,22.99,,12.42,12.48,,,,,,,,,,,
2007,2702.00,2007-09-05,9,248,24.99,,64.81,,1.25,,8.09,,96.35,,24.14,"H",12.44,12.50,,,,,,,,,,,
2007,2702.00,2007-09-06,9,249,23.54,,75.61,,1.63,,7.94,,94.94,,24.33,"H",12.44,12.50,,,,,,,,,,,
2007,2702.00,2007-09-07,9,250,17.74,,85.11,,1.23,,7.83,,91.23,,22.96,,12.36,12.42,,,,,,,,,,,
2007,2702.00,2007-09-08,9,251,15.04,,71.20,,0.84,,7.30,,83.24,,21.81,,12.32,12.36,,,,,,,,,,,
2007,2702.00,2007-09-09,9,252,12.33,,81.62,,0.84,,7.14,,79.32,,20.51,,12.25,12.29,,,,,,,,,,,
2007,2702.00,2007-09-10,9,253,10.21,,78.55,,0.51,,6.84,,74.06,"H",19.22,,12.33,12.38,,,,,,,,,,,
2007,2702.00,2007-09-11,9,254,9.27,,79.09,,1.69,,7.05,,73.57,"H",17.40,,12.05,12.09,,,,,,,,,,,
2007,2702.00,2007-09-12,9,255,8.76,,75.16,,0.87,,7.60,,77.99,,16.60,,12.38,12.42,,,,,,,,,,,
2007,2702.00,2007-09-13,9,256,12.09,,77.31,,1.32,,7.85,,78.78,,15.56,,12.10,12.16,,,,,,,,,,,
2007,2702.00,2007-09-14,9,257,4.94,,80.54,,1.56,,7.91,,77.37,,14.34,,12.18,12.21,,,,,,,,,,,
2007,2702.00,2007-09-15,9,258,6.06,,69.89,,0.78,,8.57,,83.66,,14.23,,12.25,12.29,,,,,,,,,,,
2007,2702.00,2007-09-16,9,259,10.00,,75.01,,0.78,,8.94,,86.57,,13.90,,12.14,12.18,,,,,,,,,,,
2007,2702.00,2007-09-17,9,260,14.65,,81.99,,1.13,,9.01,,88.35,,14.44,,11.91,11.91,,,,,,,,,,,
2007,2702.00,2007-09-18,9,261,19.77,,85.24,,0.90,,9.26,,94.95,,16.57,,11.85,11.11,,,,,,,,,,,
2007,2702.00,2007-09-19,9,262,16.37,,82.45,,1.05,,9.22,,97.22,,17.89,,12.06,10.40,,,,,,,,,,,
2007,2702.00,2007-09-20,9,263,12.44,,84.43,,1.03,,9.38,,95.94,,16.45,,11.94,11.63,,,,,,,,,,,
2007,2702.00,2007-09-21,9,264,18.72,,79.06,,1.98,,9.17,,95.72,,17.41,,11.74,8.74,,,,,,,,,,,
2007,2702.00,2007-09-22,9,265,13.61,,65.74,,0.92,,9.06,,93.54,,16.91,,11.96,10.19,,,,,,,,,,,
2007,2702.00,2007-09-23,9,266,17.07,,63.26,,1.30,,9.17,,95.70,,17.41,,12.12,12.21,,,,,,,,,,,
2007,2702.00,2007-09-24,9,267,21.83,,71.49,,1.79,,8.94,,96.24,,18.95,,12.06,12.16,,,,,,,,,,,
2007,2702.00,2007-09-25,9,268,13.50,,84.86,,1.36,,8.86,,95.00,,18.74,,12.12,12.06,,,,,,,,,,,
2007,2702.00,2007-09-26,9,269,10.36,,71.55,,0.88,,8.87,,92.26,,17.23,,12.35,12.28,,,,,,,,,,,
2007,2702.00,2007-09-27,9,270,11.05,,86.88,,0.56,,9.05,,92.20,,16.27,,12.28,12.24,,,,,,,,,,,
2007,2702.00,2007-09-28,9,271,9.95,,81.50,,0.48,,8.35,,85.37,,16.40,,12.39,12.35,,,,,,,,,,,
2007,2702.00,2007-09-29,9,272,12.82,,76.74,,1.56,,8.42,,83.80,,15.19,,12.18,12.12,,,,,,,,,,,
2007,2702.00,2007-09-30,9,273,16.85,,75.22,,1.50,,8.46,,84.43,,15.28,,12.07,11.96,,,,,,,,,,,
2007,2702.00,2007-10-01,10,274,14.90,,93.84,,0.28,,9.17,,92.81,,15.92,,12.62,12.63,,,,,,,,,,,
2007,2702.00,2007-10-02,10,275,16.33,,89.00,,1.67,,9.12,,92.11,,15.85,,12.50,12.49,,,,,,,,,,,
2007,2702.00,2007-10-03,10,276,14.03,,65.43,,1.39,,8.35,,84.74,,16.07,"H",12.66,12.64,,,,,,,,,,,
2007,2702.00,2007-10-04,10,277,16.89,,64.04,,1.26,,8.30,,85.15,,16.56,"H",12.68,12.70,,,,,,,,,,,
2007,2702.00,2007-10-05,10,278,16.19,,94.48,,0.66,,8.84,,90.61,,16.51,"H",12.41,12.41,,,,,,,,,,,
2007,2702.00,2007-10-06,10,279,20.91,,89.68,,0.72,,9.16,,97.74,,18.49,"H",12.46,12.44,,,,,,,,,,,
2007,2702.00,2007-10-07,10,280,22.70,"H",82.03,,0.84,,9.26,,102.85,,20.49,"H",12.45,12.44,,,,,,,,,,,
2007,2702.00,2007-10-08,10,281,17.70,,87.38,,1.45,,9.16,,102.03,,20.66,"H",12.35,12.35,,,,,,,,,,,
2007,2702.00,2007-10-09,10,282,6.71,,83.01,,2.04,,8.52,,86.47,,16.00,,12.20,12.17,,,,,,,,,,,
2007,2702.00,2007-10-10,10,283,5.41,,92.97,,1.69,,7.73,,74.62,"H",13.76,,12.09,12.03,,,,,,,,,,,
2007,2702.00,2007-10-11,10,284,4.14,,83.27,,1.14,,8.11,,76.60,,12.78,,12.20,12.15,,,,,,,,,,,
2007,2702.00,2007-10-12,10,285,2.31,,83.28,,0.47,,8.38,,77.85,,12.03,,12.22,12.18,,,,,,,,,,,
2007,2702.00,2007-10-13,10,286,3.35,,82.64,,0.52,,8.59,,79.27,,11.73,,12.37,12.34,,,,,,,,,,,
2007,2702.00,2007-10-14,10,287,4.88,,78.57,,0.41,,8.73,,79.38,,11.10,,12.18,12.18,,,,,,,,,,,
2007,2702.00,2007-10-15,10,288,7.54,,67.45,,1.54,,9.05,,81.28,,10.58,,12.00,11.90,,,,,,,,,,,
2007,2702.00,2007-10-16,10,289,11.44,,96.82,,1.04,,9.18,,82.42,,10.57,,12.56,12.49,,,,,,,,,,,
2007,2702.00,2007-10-17,10,290,11.61,,88.77,,0.92,,9.68,,87.81,,11.01,,12.41,12.30,,,,,,,,,,,
2007,2702.00,2007-10-18,10,291,14.35,,89.54,,1.99,,9.94,,92.72,,12.20,,12.35,12.24,,,,,,,,,,,
2007,2702.00,2007-10-19,10,292,9.79,,93.42,,1.28,,10.21,,95.03,,12.13,,12.09,11.98,,,,,,,,,,,
2007,2702.00,2007-10-20,10,293,11.95,,67.54,,0.94,,9.38,,86.98,,11.92,,12.12,12.07,,,,,,,,,,,
2007,2702.00,2007-10-21,10,294,8.66,,86.73,,0.70,,9.91,,90.91,,11.50,,11.90,11.82,,,,,,,,,,,
2007,2702.00,2007-10-22,10,295,4.80,,85.13,,0.76,,9.23,,83.38,,10.83,,11.88,11.77,,,,,,,,,,,
2007,2702.00,2007-10-23,10,296,4.13,,79.60,,1.19,,9.51,,84.22,,9.96,,11.76,9.32,,,,,,,,,,,
2007,2702.00,2007-10-24,10,297,2.80,,74.09,,1.03,,10.16,,88.94,,9.49,,12.06,9.62,,,,,,,,,,,
2007,2702.00,2007-10-25,10,298,6.34,,67.78,,0.90,,10.94,,95.86,,9.53,,12.95,12.90,,,,,,,,,,,
2007,2702.00,2007-10-26,10,299,5.93,,81.30,,0.36,,10.74,,93.58,,9.27,,12.58,12.48,,,,,,,,,,,
2007,2702.00,2007-10-27,10,300,5.52,,56.83,,1.22,,11.24,,96.67,,8.75,,12.65,12.55,,,,,,,,,,,
2007,2702.00,2007-10-28,10,301,2.96,,65.93,,0.97,,11.40,,96.94,,8.26,,12.67,12.57,,,,,,,,,,,
2007,2702.00,2007-10-29,10,302,6.42,,69.84,,0.48,,11.79,,100.55,,8.40,,12.64,12.54,,,,,,,,,,,
2007,2702.00,2007-10-30,10,303,10.19,,75.52,,1.10,,12.17,,104.41,,8.64,,12.63,12.55,,,,,,,,,,,
2007,2702.00,2007-10-31,10,304,7.55,,61.07,,2.22,,12.38,,106.00,,8.55,,12.49,12.40,,,,,,,,,,,
2007,2702.00,2007-11-01,11,305,3.14,,58.87,,1.29,,12.69,,106.11,,7.58,,12.55,12.47,,,,,,,,,,,
2007,2702.00,2007-11-02,11,306,6.03,,51.11,,1.55,,13.03,,107.01,,6.88,,12.47,12.41,,,,,,,,,,,
2007,2702.00,2007-11-03,11,307,2.49,,69.04,,0.65,,13.22,,107.85,,6.61,,12.49,12.43,,,,,,,,,,,
2007,2702.00,2007-11-04,11,308,2.99,,81.04,,0.57,,13.36,,108.53,,6.43,,12.41,12.35,,,,,,,,,,,
2007,2702.00,2007-11-05,11,309,1.07,,93.25,,1.56,,13.56,,108.60,,5.89,,12.11,12.00,,,,,,,,,,,
2007,2702.00,2007-11-06,11,310,-2.14,,87.57,,1.27,,14.32,,110.99,,4.59,,12.66,12.68,,,,,,,,,,,
2007,2702.00,2007-11-07,11,311,-1.93,,76.03,,0.82,,14.70,,112.61,,4.17,,12.54,12.50,,,,,,,,,,,
2007,2702.00,2007-11-08,11,312,-1.15,,85.49,,0.28,,14.96,,113.84,,3.90,,12.29,12.17,,,,,,,,,,,
2008,2702.00,2008-05-07,5,128,8.61,,77.81,,1.23,,10.63,"N",104.09,"N",14.44,"N",12.55,12.68,,,,,,,,,,,
2008,2702.00,2008-05-08,5,129,8.01,,59.68,,0.86,,10.71,"N",104.35,"N",14.22,"N",12.64,12.73,,,,,,,,,,,
2008,2702.00,2008-05-09,5,130,7.38,,58.92,,0.98,,10.42,"N",103.36,"N",15.02,"N",12.73,12.78,,,,,,,,,,,
2008,2702.00,2008-05-10,5,131,9.13,,52.75,,0.90,,10.52,"N",103.00,"N",14.44,"N",12.69,12.72,,,,,,,,,,,
2008,2702.00,2008-05-11,5,132,5.21,,73.68,,1.42,,10.55,"N",100.54,"N",13.20,"N",12.57,12.60,,,,,,,,,,,
2008,2702.00,2008-05-12,5,133,7.13,,60.32,,1.08,,10.47,"N",98.78,"N",12.71,"N",12.56,12.59,,,,,,,,,,,
2008,2702.00,2008-05-13,5,134,11.90,,67.95,,1.58,,10.52,"N",99.60,"N",12.89,"N",12.47,12.51,,,,,,,,,,,
2008,2702.00,2008-05-14,5,135,8.30,,63.53,,1.50,,10.23,"N",100.30,"N",14.46,"N",12.61,12.67,,,,,,,,,,,
2008,2702.00,2008-05-15,5,136,12.57,,48.45,,0.98,,10.23,"N",102.78,"N",15.64,"N",12.62,12.67,,,,,,,,,,,
2008,2702.00,2008-05-16,5,137,13.68,,60.81,,0.92,,10.06,"N",102.70,"N",16.37,"N",12.47,12.58,,,,,,,,,,,
2008,2702.00,2008-05-17,5,138,9.61,,70.48,,1.32,,9.96,"N",99.91,"N",15.54,"N",12.47,12.60,,,,,,,,,,,
2008,2702.00,2008-05-18,5,139,4.91,,72.14,,1.28,,9.99,"N",97.11,"N",14.06,"N",12.52,12.61,,,,,,,,,,,
2008,2702.00,2008-05-19,5,140,7.12,,59.32,,0.81,,10.02,"N",96.97,"N",13.87,"N",12.54,12.59,,,,,,,,,,,
2008,2702.00,2008-05-20,5,141,8.47,,55.43,,1.62,,10.14,"N",99.36,"N",14.43,"N",12.55,12.63,,,,,,,,,,,
2008,2702.00,2008-05-21,5,142,8.36,,62.90,,1.33,,9.96,"N",99.31,"N",15.24,"N",12.57,12.65,,,,,,,,,,,
2008,2702.00,2008-05-22,5,143,8.44,,69.69,,1.06,,10.06,"N",101.77,"N",15.93,"N",12.65,12.69,,,,,,,,,,,
2008,2702.00,2008-05-23,5,144,11.84,,62.78,,0.98,,9.92,"N",101.53,"N",16.51,"N",12.65,12.61,,,,,,,,,,,
2008,2702.00,2008-05-24,5,145,13.13,,57.21,,1.10,,9.64,"N",102.36,"N",18.26,"N",12.73,12.66,,,,,,,,,,,
2008,2702.00,2008-05-25,5,146,13.83,,82.25,,0.98,,9.43,"N",99.37,"N",17.91,"N",12.65,12.53,,,,,,,,,,,
2008,2702.00,2008-05-26,5,147,10.17,,83.27,,1.25,,9.38,"N",98.14,"N",17.55,"N",12.61,12.40,,,,,,,,,,,
2008,2702.00,2008-05-27,5,148,6.10,,62.03,,1.09,,9.29,"N",95.14,"N",16.47,"N",12.81,12.62,,,,,,,,,,,
2008,2702.00,2008-05-28,5,149,11.01,,54.57,,0.82,,9.51,"N",99.09,"N",17.33,"N",12.92,12.80,,,,,,,,,,,
2008,2702.00,2008-05-29,5,150,14.19,,56.39,,0.98,,9.54,"N",101.51,"N",18.34,"N",12.86,12.77,,,,,,,,,,,
2008,2702.00,2008-05-30,5,151,12.01,,94.77,,0.83,,9.40,"N",97.10,"N",16.91,"N",12.67,12.46,,,,,,,,,,,
2008,2702.00,2008-05-31,5,152,11.24,,79.76,,1.19,,9.26,"N",92.99,"N",15.59,"N",12.71,12.49,,,,,,,,,,,
2008,2702.00,2008-06-01,6,153,14.51,,65.61,,0.91,,9.00,"N",92.92,"N",16.86,"N",12.86,12.66,,,,,,,,,,,
2008,2702.00,2008-06-02,6,154,12.79,,80.76,,0.39,,9.45,"N",98.81,"N",17.51,"N",12.69,12.50,,,,,,,,,,,
2008,2702.00,2008-06-03,6,155,13.70,,56.01,,1.25,,9.52,"N",98.04,"N",16.74,"N",12.76,12.59,,,,,,,,,,,
2008,2702.00,2008-06-04,6,156,14.83,,70.23,,1.14,,9.66,"N",99.83,"N",16.91,"N",12.68,12.51,,,,,,,,,,,
2008,2702.00,2008-06-05,6,157,15.15,,94.62,,0.72,,9.67,"N",100.92,"N",17.42,"N",12.57,12.35,,,,,,,,,,,
2008,2702.00,2008-06-06,6,158,19.30,,73.41,,2.35,,9.20,"N",97.86,"N",18.33,"N",12.68,12.46,,,,,,,,,,,
2008,2702.00,2008-06-07,6,159,20.87,,71.96,,1.43,,8.95,"N",98.57,"N",20.05,"N",12.66,12.45,,,,,,,,,,,
2008,2702.00,2008-06-08,6,160,18.86,,86.24,,0.51,,8.81,"N",100.14,"N",21.65,"N",12.59,12.38,,,,,,,,,,,
2008,2702.00,2008-06-09,6,161,18.29,,69.55,,1.32,,8.83,"N",100.68,"N",21.84,"N",12.72,12.56,,,,,,,,,,,
2008,2702.00,2008-06-10,6,162,14.39,,77.76,,0.71,,8.93,"N",99.81,"N",20.81,"N",12.68,12.51,,,,,,,,,,,
2008,2702.00,2008-06-11,6,163,10.82,,85.32,,1.50,,8.71,"N",92.87,"N",18.42,"N",12.59,12.38,,,,,,,,,,,
2008,2702.00,2008-06-12,6,164,17.54,,88.54,,0.84,,8.45,"N",89.26,"N",17.97,"N",12.54,12.29,,,,,,,,,,,
2008,2702.00,2008-06-13,6,165,18.26,,63.14,,1.44,,8.85,"N",97.31,"N",19.96,"N",12.54,12.36,,,,,,,,,,,
2008,2702.00,2008-06-14,6,166,17.00,,63.05,,1.24,,8.95,"N",99.66,"N",20.64,"N",12.53,12.53,,,,,,,,,,,
2008,2702.00,2008-06-15,6,167,15.49,,70.24,,1.05,,8.94,"N",100.02,"N",20.86,"N",12.46,12.50,,,,,,,,,,,
2008,2702.00,2008-06-16,6,168,12.47,,70.17,,1.45,,8.70,"N",94.48,"N",19.35,"N",12.50,12.52,,,,,,,,,,,
2008,2702.00,2008-06-17,6,169,14.19,,60.60,,1.62,,8.34,"N",90.57,"N",19.31,"N",12.53,12.63,,,,,,,,,,,
2008,2702.00,2008-06-18,6,170,13.34,,64.81,,1.01,,8.55,"N",94.89,"N",20.44,"N",12.64,12.71,,,,,,,,,,,
2008,2702.00,2008-06-19,6,171,15.70,,60.56,,0.71,,8.59,"N",96.39,"N",21.03,"N",12.64,12.69,,,,,,,,,,,
2008,2702.00,2008-06-20,6,172,18.45,,67.18,,0.63,,8.52,"N",98.36,"N",22.49,"N",12.56,12.60,,,,,,,,,,,
2008,2702.00,2008-06-21,6,173,15.27,,77.47,,0.83,,8.39,"N",96.31,"N",22.21,"N",12.49,12.54,,,,,,,,,,,
2008,2702.00,2008-06-22,6,174,14.49,,83.48,,0.85,,8.30,"N",93.33,"N",21.12,"N",12.55,12.62,,,,,,,,,,,
2008,2702.00,2008-06-23,6,175,17.10,,69.13,,0.84,,7.87,"N",90.85,"N",22.50,"N",12.58,12.66,,,,,,,,,,,
2008,2702.00,2008-06-24,6,176,19.15,,66.11,,0.84,,7.96,"N",92.04,"N",22.57,"N",12.57,12.67,,,,,,,,,,,
2008,2702.00,2008-06-25,6,177,22.85,,66.14,,1.13,,7.80,"N",92.51,"N",23.93,"N",12.55,12.71,,,,,,,,,,,
2008,2702.00,2008-06-26,6,178,21.11,,71.82,,0.57,,7.61,"N",92.35,"N",25.07,"N",12.54,12.71,,,,,,,,,,,
2008,2702.00,2008-06-27,6,179,19.99,,84.90,,0.51,,7.68,"N",91.59,"N",24.19,"N",12.40,12.47,,,,,,,,,,,
2008,2702.00,2008-06-28,6,180,16.83,,77.08,,0.84,,7.28,"N",85.22,"N",23.18,"N",12.50,12.59,,,,,,,,,,,
2008,2702.00,2008-06-29,6,181,14.99,,83.72,,1.17,,6.79,"N",77.40,"N",21.82,"N",12.58,12.67,,,,,,,,,,,
2008,2702.00,2008-06-30,6,182,16.81,,63.40,,0.82,,7.10,"N",82.45,"N",22.63,"N",12.60,12.71,,,,,,,,,,,
2008,2702.00,2008-07-01,7,183,21.06,,63.69,,1.20,,7.56,"N",89.22,"N",23.54,"N",12.65,12.77,,,,,,,,,,,
2008,2702.00,2008-07-02,7,184,18.40,,72.10,,1.32,,7.64,"N",89.72,"N",23.38,"N",12.62,12.71,,,,,,,,,,,
2008,2702.00,2008-07-03,7,185,15.18,,68.92,,0.76,,7.06,"N",83.26,"N",23.46,"N",12.65,12.72,,,,,,,,,,,
2008,2702.00,2008-07-04,7,186,16.63,,66.87,,0.80,,7.27,"N",85.84,"N",23.58,"N",12.69,12.76,,,,,,,,,,,
2008,2702.00,2008-07-05,7,187,19.96,,66.28,,1.12,,7.34,"N",86.74,"N",23.65,"N",12.66,12.74,,,,,,,,,,,
2008,2702.00,2008-07-06,7,188,21.42,,73.42,,1.31,,7.18,"N",85.00,"N",23.74,"N",12.65,12.75,,,,,,,,,,,
2008,2702.00,2008-07-07,7,189,22.05,,80.42,,0.52,,7.38,"N",89.66,"N",25.15,"N",12.47,12.55,,,,,,,,,,,
2008,2702.00,2008-07-08,7,190,21.34,,65.43,,1.49,,7.24,"N",88.41,"N",25.44,"N",12.54,12.60,,,,,,,,,,,
2008,2702.00,2008-07-09,7,191,17.61,,65.49,,1.57,,6.59,"N",78.00,"N",23.77,"N",12.58,12.68,,,,,,,,,,,
2008,2702.00,2008-07-10,7,192,17.23,,82.67,,0.43,,6.49,"N",75.34,"N",22.71,"N",12.50,12.57,,,,,,,,,,,
2008,2702.00,2008-07-11,7,193,21.50,,77.02,,1.60,,5.97,"N",70.99,"N",23.93,"N",12.49,12.57,,,,,,,,,,,
2008,2702.00,2008-07-12,7,194,19.47,,61.14,,1.99,,6.60,"N",78.29,"N",23.90,"N",12.58,12.69,,,,,,,,,,,
2008,2702.00,2008-07-13,7,195,15.15,,71.62,,1.71,,5.36,"N",59.95,"N",20.87,"N",12.35,12.41,,,,,,,,,,,
2008,2702.00,2008-07-14,7,196,17.71,,65.01,,0.89,,5.50,"N",63.52,"N",22.21,"N",12.56,12.61,,,,,,,,,,,
2008,2702.00,2008-07-15,7,197,20.32,,74.33,,0.86,,6.53,"N",77.32,"N",23.75,"N",12.62,12.72,,,,,,,,,,,
2008,2702.00,2008-07-16,7,198,20.48,,74.26,,0.48,,7.24,"N",85.74,"N",23.78,"N",12.45,12.56,,,,,,,,,,,
2008,2702.00,2008-07-17,7,199,20.60,,89.84,,0.43,,7.36,"N",87.24,"N",23.88,"N",12.30,12.37,,,,,,,,,,,
2008,2702.00,2008-07-18,7,200,20.55,,77.67,,0.65,,7.27,"N",87.71,"N",24.85,"N",12.49,12.55,,,,,,,,,,,
2008,2702.00,2008-07-19,7,201,18.80,,73.45,,0.61,,7.43,"N",89.00,"N",24.43,"N",12.34,12.42,,,,,,,,,,,
2008,2702.00,2008-07-20,7,202,19.30,,81.54,,0.58,,7.32,"N",86.73,"N",23.85,"N",12.45,12.56,,,,,,,,,,,
2008,2702.00,2008-07-21,7,203,17.70,,78.33,,0.83,,7.59,"N",90.75,"N",24.33,"N",12.44,12.54,,,,,,,,,,,
2008,2702.00,2008-07-22,7,204,17.62,,71.38,,0.88,,7.48,"N",89.57,"N",24.43,"N",12.49,12.59,,,,,,,,,,,
2008,2702.00,2008-07-23,7,205,17.69,,65.12,,0.59,,7.26,"N",87.10,"N",24.50,"N",12.54,12.67,,,,,,,,,,,
2008,2702.00,2008-07-24,7,206,18.48,,76.05,,0.56,,7.51,"N",88.66,"N",23.68,"N",12.50,12.56,,,,,,,,,,,
2008,2702.00,2008-07-25,7,207,19.54,,87.50,,0.71,,7.67,"N",89.93,"N",23.33,"N",12.42,12.50,,,,,,,,,,,
2008,2702.00,2008-07-26,7,208,18.93,,68.31,,1.22,,7.13,"N",83.61,"N",23.27,"N",12.41,12.53,,,,,,,,,,,
2008,2702.00,2008-07-27,7,209,19.83,,66.73,,0.98,,7.36,"N",87.46,"N",23.99,"N",12.47,12.62,,,,,,,,,,,
2008,2702.00,2008-07-28,7,210,19.03,,73.44,,0.60,,7.29,"N",87.90,"N",24.79,"N",12.53,12.69,,,,,,,,,,,
2008,2702.00,2008-07-29,7,211,20.11,,88.26,,0.75,,7.44,"N",88.87,"N",24.27,"N",12.51,12.63,,,,,,,,,,,
2008,2702.00,2008-07-30,7,212,19.46,,76.49,,1.00,,7.52,"N",90.24,"N",24.50,"N",12.45,12.57,,,,,,,,,,,
2008,2702.00,2008-07-31,7,213,19.42,,78.18,,0.63,,7.49,"N",90.48,"N",24.89,"N",12.56,12.66,,,,,,,,,,,
2008,2702.00,2008-08-01,8,214,18.87,,73.83,,0.96,,7.52,"N",91.10,"N",25.02,"N",12.58,12.71,,,,,,,,,,,
2008,2702.00,2008-08-02,8,215,18.74,,71.57,,0.57,,7.45,"N",90.48,"N",25.20,"N",12.56,12.69,,,,,,,,,,,
2008,2702.00,2008-08-03,8,216,18.50,,81.81,,0.80,,7.40,"N",88.72,"N",24.47,"N",12.33,12.41,,,,,,,,,,,
2008,2702.00,2008-08-04,8,217,20.97,,81.64,,0.55,,7.18,"N",86.71,"N",24.85,"N",12.47,12.55,,,,,,,,,,,
2008,2702.00,2008-08-05,8,218,19.70,,72.89,,0.87,,7.35,"N",89.67,"N",25.41,"N",12.50,12.62,,,,,,,,,,,
2008,2702.00,2008-08-06,8,219,18.20,,73.04,,0.79,,7.16,"N",86.21,"N",24.73,"N",12.49,12.63,,,,,,,,,,,
2008,2702.00,2008-08-07,8,220,16.55,,77.47,,0.89,,6.89,"N",81.74,"N",23.91,"N",12.49,12.63,,,,,,,,,,,
2008,2702.00,2008-08-08,8,221,17.50,,71.98,,0.70,,6.62,"N",78.41,"N",23.76,"N",12.49,12.61,,,,,,,,,,,
2008,2702.00,2008-08-09,8,222,16.16,,71.10,,1.06,,6.75,"N",79.45,"N",23.45,"N",12.55,12.66,,,,,,,,,,,
2008,2702.00,2008-08-10,8,223,14.00,,75.74,,0.86,,6.47,"N",75.53,"N",23.06,"N",12.58,12.67,,,,,,,,,,,
2008,2702.00,2008-08-11,8,224,16.14,,74.40,,0.58,,6.44,"N",75.55,"N",23.35,"N",12.61,12.67,,,,,,,,,,,
2008,2702.00,2008-08-12,8,225,16.46,,85.44,,0.45,,6.75,"N",77.48,"N",22.16,"N",12.40,12.43,,,,,,,,,,,
2008,2702.00,2008-08-13,8,226,17.43,,80.08,,0.34,,6.65,"N",75.88,"N",21.86,"N",12.30,12.33,,,,,,,,,,,
2008,2702.00,2008-08-14,8,227,17.31,,66.47,,0.91,,6.26,"N",72.38,"N",22.52,"N",12.43,12.51,,,,,,,,,,,
2008,2702.00,2008-08-15,8,228,16.06,,67.46,,0.62,,6.51,"N",75.54,"N",22.69,"N",12.52,12.62,,,,,,,,,,,
2008,2702.00,2008-08-16,8,229,17.53,,82.44,,0.72,,6.76,"N",77.89,"N",22.37,"N",12.38,12.44,,,,,,,,,,,
2008,2702.00,2008-08-17,8,230,21.68,,71.52,,0.88,,7.03,"N",82.25,"N",23.12,"N",12.42,12.52,,,,,,,,,,,
2008,2702.00,2008-08-18,8,231,19.81,,73.65,,1.20,,7.25,"N",85.77,"N",23.74,"N",12.42,12.52,,,,,,,,,,,
2008,2702.00,2008-08-19,8,232,16.33,,78.25,,0.88,,6.92,"N",81.09,"N",23.28,"N",12.49,12.56,,,,,,,,,,,
2008,2702.00,2008-08-20,8,233,20.13,,77.04,,0.77,,7.12,"N",84.41,"N",23.88,"N",12.50,12.61,,,,,,,,,,,
2008,2702.00,2008-08-21,8,234,20.65,,74.42,,1.14,,7.37,"N",86.64,"N",23.42,"N",12.37,12.42,,,,,,,,,,,
2008,2702.00,2008-08-22,8,235,22.16,,80.09,,1.71,,7.12,"N",83.54,"N",23.30,"N",12.40,12.46,,,,,,,,,,,
2008,2702.00,2008-08-23,8,236,17.86,,74.52,,1.10,,7.28,"N",85.82,"N",23.58,"N",12.47,12.54,,,,,,,,,,,
2008,2702.00,2008-08-24,8,237,12.86,,74.18,,1.03,,6.73,"N",76.98,"N",21.96,"N",12.54,12.65,,,,,,,,,,,
2008,2702.00,2008-08-25,8,238,12.83,,67.90,,0.50,,6.30,"N",71.83,"N",21.77,"N",12.49,12.62,,,,,,,,,,,
2008,2702.00,2008-08-26,8,239,15.32,,69.94,,0.86,,6.78,"N",77.05,"N",21.63,"N",12.53,12.64,,,,,,,,,,,
2008,2702.00,2008-08-27,8,240,16.49,,74.03,,0.89,,7.01,"N",79.09,"N",21.29,"N",12.56,12.64,,,,,,,,,,,
2008,2702.00,2008-08-28,8,241,17.10,,86.09,,0.74,,7.34,"N",81.86,"N",20.70,"N",12.50,12.61,,,,,,,,,,,
2008,2702.00,2008-08-29,8,242,16.38,,72.44,,0.59,,7.24,"N",81.92,"N",21.43,"N",12.47,12.59,,,,,,,,,,,
2008,2702.00,2008-08-30,8,243,17.65,,68.54,,0.48,,7.47,"N",85.50,"N",22.03,"N",12.48,12.61,,,,,,,,,,,
2008,2702.00,2008-08-31,8,244,21.02,,69.01,,0.89,,7.61,"N",88.04,"N",22.61,"N",12.55,12.64,,,,,,,,,,,
2008,2702.00,2008-09-01,9,245,22.72,,66.54,,1.23,,7.73,"N",90.73,"N",23.37,"N",12.57,12.64,,,,,,,,,,,
2008,2702.00,2008-09-02,9,246,22.15,,76.55,,1.49,,7.70,"N",90.73,"N",23.56,"N",12.42,12.47,,,,,,,,,,,
2008,2702.00,2008-09-03,9,247,12.16,,77.79,,1.26,,7.47,"N",84.29,"N",21.32,"N",12.52,12.57,,,,,,,,,,,
2008,2702.00,2008-09-04,9,248,11.45,,80.09,,0.71,,6.71,"N",73.28,"N",19.61,"N",12.36,12.37,,,,,,,,,,,
2008,2702.00,2008-09-05,9,249,14.16,,74.80,,0.60,,6.90,"N",75.92,"N",19.94,"N",12.34,12.37,,,,,,,,,,,
2008,2702.00,2008-09-06,9,250,12.54,,89.53,,0.49,,7.08,"N",76.72,"N",19.25,"N",12.30,12.34,,,,,,,,,,,
2008,2702.00,2008-09-07,9,251,11.59,,88.38,,0.60,,6.96,"N",74.70,"N",18.72,"N",12.18,12.23,,,,,,,,,,,
2008,2702.00,2008-09-08,9,252,9.05,,89.28,,0.58,,6.75,"N",70.85,"N",17.70,"N",12.17,12.20,,,,,,,,,,,
2008,2702.00,2008-09-09,9,253,9.08,,79.10,,0.56,,6.94,"N",73.45,"N",17.97,"N",12.29,12.31,,,,,,,,,,,
2008,2702.00,2008-09-10,9,254,11.43,,72.34,,0.87,,7.67,"N",79.85,"N",17.25,"N",12.23,12.27,,,,,,,,,,,
2008,2702.00,2008-09-11,9,255,14.97,,85.65,,0.95,,7.98,"N",82.11,"N",16.73,"N",12.02,12.02,,,,,,,,,,,
2008,2702.00,2008-09-12,9,256,14.61,,81.65,,0.46,,8.48,"N",89.98,"N",18.10,"N",12.23,12.22,,,,,,,,,,,
2008,2702.00,2008-09-13,9,257,12.65,,95.54,,0.76,,8.69,"N",90.15,"N",17.12,"N",12.00,12.00,,,,,,,,,,,
2008,2702.00,2008-09-14,9,258,11.35,,91.37,,0.94,,7.61,"N",77.65,"N",16.35,"N",11.89,11.86,,,,,,,,,,,
2008,2702.00,2008-09-15,9,259,10.03,,77.95,,0.68,,7.65,"N",78.90,"N",16.75,"N",12.09,12.06,,,,,,,,,,,
2008,2702.00,2008-09-16,9,260,14.69,,72.61,,0.89,,8.12,"N",84.91,"N",17.44,"N",12.30,12.30,,,,,,,,,,,
2008,2702.00,2008-09-17,9,261,12.81,,76.38,,0.63,,8.68,"N",91.58,"N",17.92,"N",12.77,12.77,,,,,,,,,,,
2008,2702.00,2008-09-18,9,262,13.88,,77.85,,1.33,,8.63,"N",90.49,"N",17.60,"N",12.81,12.85,,,,,,,,,,,
2008,2702.00,2008-09-19,9,263,19.07,,68.02,,1.51,,8.97,"N",95.49,"N",18.34,"N",12.80,12.85,,,,,,,,,,,
2008,2702.00,2008-09-20,9,264,14.49,,78.80,,0.83,,9.30,"N",100.27,"N",18.99,"N",12.77,12.84,,,,,,,,,,,
2008,2702.00,2008-09-21,9,265,14.50,,77.59,,0.73,,9.25,"N",99.11,"N",18.68,"N",12.80,12.85,,,,,,,,,,,
2008,2702.00,2008-09-22,9,266,17.78,,82.76,,0.93,,9.37,"N",101.66,"N",19.31,"N",12.75,12.79,,,,,,,,,,,
2008,2702.00,2008-09-23,9,267,20.18,,69.34,,1.51,,9.36,"N",102.33,"N",19.71,"N",12.77,12.83,,,,,,,,,,,
2008,2702.00,2008-09-24,9,268,15.30,,73.41,,0.99,,9.21,"N",100.79,"N",19.73,"N",12.77,12.86,,,,,,,,,,,
2008,2702.00,2008-09-25,9,269,12.65,,75.25,,0.64,,9.04,"N",95.57,"N",18.04,"N",12.73,12.79,,,,,,,,,,,
2008,2702.00,2008-09-26,9,270,17.69,,73.39,,0.82,,8.64,"N",92.65,"N",18.69,"N",12.78,12.82,,,,,,,,,,,
2008,2702.00,2008-09-27,9,271,14.43,,90.23,,0.91,,9.34,"N",99.29,"N",18.32,"N",12.60,12.62,,,,,,,,,,,
2008,2702.00,2008-09-28,9,272,10.55,,87.30,,0.82,,9.02,"N",93.98,"N",17.31,"N",12.67,12.72,,,,,,,,,,,
2008,2702.00,2008-09-29,9,273,11.14,,88.87,,0.72,,8.30,"N",84.76,"N",16.37,"N",12.58,12.62,,,,,,,,,,,
2008,2702.00,2008-09-30,9,274,8.44,,89.83,,1.40,,7.96,"N",79.52,"N",15.34,"N",12.52,12.53,,,,,,,,,,,
2008,2702.00,2008-10-01,10,275,7.14,,84.04,,1.18,,8.43,"N",82.89,"N",14.62,"N",12.59,12.64,,,,,,,,,,,
2008,2702.00,2008-10-02,10,276,6.33,,92.16,,1.03,,8.42,"N",81.05,"N",13.62,"N",12.49,12.53,,,,,,,,,,,
2008,2702.00,2008-10-03,10,277,3.44,,80.73,,0.70,,9.18,"N",87.48,"N",13.14,"N",12.61,12.67,,,,,,,,,,,
2008,2702.00,2008-10-04,10,278,4.01,,81.48,,0.46,,9.49,"N",90.11,"N",12.96,"N",12.64,12.76,,,,,,,,,,,
2008,2702.00,2008-10-05,10,279,8.04,,73.85,,0.66,,9.91,"N",93.05,"N",12.47,"N",12.47,12.54,,,,,,,,,,,
2008,2702.00,2008-10-06,10,280,9.53,,91.94,,1.79,,10.06,"N",92.75,"N",11.72,"N",12.38,12.37,,,,,,,,,,,
2008,2702.00,2008-10-07,10,281,11.78,,89.20,,1.64,,10.04,"N",93.01,"N",11.91,"N",12.37,12.34,,,,,,,,,,,
2008,2702.00,2008-10-08,10,282,10.84,,81.09,,0.80,,10.63,"N",99.95,"N",12.56,"N",12.49,12.50,,,,,,,,,,,
2008,2702.00,2008-10-09,10,283,8.81,,61.19,,1.39,,10.53,"N",97.92,"N",12.08,"N",12.52,12.59,,,,,,,,,,,
2008,2702.00,2008-10-10,10,284,7.50,,81.31,,0.64,,10.57,"N",96.74,"N",11.39,"N",12.41,12.50,,,,,,,,,,,
2008,2702.00,2008-10-11,10,285,13.95,,74.56,,0.85,,10.69,"N",100.83,"N",12.70,"N",12.47,12.52,,,,,,,,,,,
2008,2702.00,2008-10-12,10,286,17.67,,81.17,,0.58,,11.25,"N",110.13,"N",14.38,"N",12.37,12.41,,,,,,,,,,,
2008,2702.00,2008-10-13,10,287,16.88,,80.90,,1.33,,11.29,"N",113.14,"N",15.50,"N",12.32,12.32,,,,,,,,,,,
2008,2702.00,2008-10-14,10,288,7.16,,72.03,,0.98,,11.28,"N",106.83,"N",12.90,"N",12.27,12.26,,,,,,,,,,,
2008,2702.00,2008-10-15,10,289,7.74,,72.58,,1.36,,10.68,"N",98.05,"N",11.51,"N",12.19,12.15,,,,,,,,,,,
2008,2702.00,2008-10-16,10,290,4.70,,80.75,,0.66,,10.60,"N",96.33,"N",11.07,"N",12.30,12.30,,,,,,,,,,,
2008,2702.00,2008-10-17,10,291,3.90,,82.63,,0.35,,10.50,"N",93.68,"N",10.31,"N",12.13,12.14,,,,,,,,,,,
2008,2702.00,2008-10-18,10,292,4.95,,77.62,,0.86,,10.74,"N",94.70,"N",9.80,"N",12.27,12.28,,,,,,,,,,,
2008,2702.00,2008-10-19,10,293,9.02,,78.02,,1.22,,10.86,"N",94.70,"N",9.32,"N",12.11,12.10,,,,,,,,,,,
2008,2702.00,2008-10-20,10,294,5.89,,79.46,,1.00,,10.93,,95.76,,9.52,,12.13,12.11,,,,,,,,,,,
2008,2702.00,2008-10-21,10,295,1.35,,82.93,,0.59,,11.02,,95.53,,9.07,,12.17,12.19,,,,,,,,,,,
2008,2702.00,2008-10-22,10,296,3.06,,68.53,,1.38,,11.35,,96.20,,8.15,,12.03,12.06,,,,,,,,,,,
2008,2702.00,2008-10-23,10,297,5.15,,71.42,,1.28,,11.67,,98.47,,7.98,,12.10,12.11,,,,,,,,,,,
2008,2702.00,2008-10-24,10,298,6.35,,92.33,,0.54,,11.86,,99.55,,7.75,,11.95,11.90,,,,,,,,,,,
2008,2702.00,2008-10-25,10,299,5.22,,88.70,,1.03,,11.84,,98.91,,7.55,,11.92,11.84,,,,,,,,,,,
2008,2702.00,2008-10-26,10,300,3.85,,88.42,,1.56,,12.13,,100.37,,7.17,,11.88,11.78,,,,,,,,,,,
2008,2702.00,2008-10-27,10,301,-0.32,,91.27,,1.13,,12.59,,101.95,,6.33,,11.83,11.72,,,,,,,,,,,
2008,2702.00,2008-10-28,10,302,-0.16,,74.16,,0.99,,12.94,,103.73,,5.91,,11.91,11.84,,,,,,,,,,,
2008,2702.00,2008-10-29,10,303,-0.08,,79.46,,0.53,,13.14,,104.72,,5.69,,11.90,11.88,,,,,,,,,,,
2008,2702.00,2008-10-30,10,304,9.18,,54.37,,1.16,,13.34,,106.73,,5.85,,11.93,11.93,,,,,,,,,,,
2008,2702.00,2008-10-31,10,305,6.27,,69.37,,0.62,,13.39,,109.37,,6.65,,11.88,11.91,,,,,,,,,,,
2008,2702.00,2008-11-01,11,306,1.80,,75.89,,0.47,,13.44,,108.41,,6.17,,11.80,11.86,,,,,,,,,,,
2008,2702.00,2008-11-02,11,307,4.76,,89.52,,1.05,,13.51,,107.36,,5.58,,11.65,11.63,,,,,,,,,,,
2008,2702.00,2008-11-03,11,308,10.11,,86.56,,0.92,,13.34,,108.80,,6.61,,11.76,11.77,,,,,,,,,,,
2008,2702.00,2008-11-04,11,309,14.57,,77.58,,0.87,,13.29,"N",113.77,"N",8.55,"N",11.65,11.65,,,,,,,,,,,
2009,2702.00,2009-05-13,5,133,12.05,,87.76,,1.37,,4.95,"H",47.10,"H",12.04,,12.71,12.41,,,,,,,,,,,
2009,2702.00,2009-05-14,5,134,7.34,,75.70,,1.40,,9.40,,89.99,,13.36,,12.85,12.62,,,,,,,,,,,
2009,2702.00,2009-05-15,5,135,11.73,,70.38,,1.86,,9.51,,94.25,,14.96,,13.09,12.89,,,,,,,,,,,
2009,2702.00,2009-05-16,5,136,4.32,,62.32,,2.41,,9.40,,89.12,,12.93,,12.88,12.67,,,,,,,,,,,
2009,2702.00,2009-05-17,5,137,7.12,,56.14,,0.90,,8.86,,84.77,,13.32,,13.12,12.84,,,,,,,,,,,
2009,2702.00,2009-05-18,5,138,13.14,,49.71,,1.73,,9.24,,90.44,,14.39,,13.13,12.87,,,,,,,,,,,
2009,2702.00,2009-05-19,5,139,13.10,,66.54,,1.70,,9.21,,94.94,,16.82,,13.08,12.83,,,,,,,,,,,
2009,2702.00,2009-05-20,5,140,22.79,,44.25,,2.58,,9.13,,97.01,,18.32,,13.08,12.90,,,,,,,,,,,
2009,2702.00,2009-05-21,5,141,15.25,,64.63,,1.07,,8.99,,96.92,,19.02,"H",13.04,12.83,,,,,,,,,,,
2009,2702.00,2009-05-22,5,142,13.66,,54.44,,1.19,,9.11,,98.56,,,"C",13.23,12.92,,,,,,,,,,,
2009,2702.00,2009-05-23,5,143,13.47,,60.54,,0.90,,9.15,,101.21,,20.26,"H",13.16,12.86,,,,,,,,,,,
2009,2702.00,2009-05-24,5,144,12.01,,52.57,,0.86,,8.99,,99.10,,20.08,"H",13.18,12.85,,,,,,,,,,,
2009,2702.00,2009-05-25,5,145,13.22,,46.33,,1.82,,9.14,,98.90,,19.18,"H",13.18,12.90,,,,,,,,,,,
2009,2702.00,2009-05-26,5,146,10.45,,88.80,,0.81,,8.97,,93.09,,17.15,,12.71,12.49,,,,,,,,,,,
2009,2702.00,2009-05-27,5,147,8.86,,92.70,,0.84,,8.86,,88.84,,15.51,,12.62,12.35,,,,,,,,,,,
2009,2702.00,2009-05-28,5,148,14.01,,68.29,,0.83,,9.07,,95.67,,,"C",13.04,12.79,,,,,,,,,,,
2009,2702.00,2009-05-29,5,149,13.37,,57.11,,1.15,,9.63,,103.65,,18.93,"H",13.17,12.89,,,,,,,,,,,
2009,2702.00,2009-05-30,5,150,10.99,,58.66,,1.32,,9.62,,102.78,,18.57,,13.20,12.86,,,,,,,,,,,
2009,2702.00,2009-05-31,5,151,8.31,,69.26,,0.62,,9.57,,98.44,,16.70,,13.06,12.76,,,,,,,,,,,
2009,2702.00,2009-06-01,6,152,7.34,,87.06,,0.83,,9.38,,94.17,,15.57,,13.01,12.75,,,,,,,,,,,
2009,2702.00,2009-06-02,6,153,9.64,,74.89,,0.93,,9.80,,99.66,,16.13,,13.24,12.89,,,,,,,,,,,
2009,2702.00,2009-06-03,6,154,9.31,,63.91,,0.70,,10.25,,107.48,,17.61,,13.25,12.87,,,,,,,,,,,
2009,2702.00,2009-06-04,6,155,14.28,,53.01,,1.12,,10.31,,109.94,,18.45,,13.22,12.88,,,,,,,,,,,
2009,2702.00,2009-06-05,6,156,13.37,,55.38,,1.15,,10.13,,108.13,,18.52,,13.19,12.88,,,,,,,,,,,
2009,2702.00,2009-06-06,6,157,8.45,,76.16,,0.79,,10.01,,104.77,,17.55,,13.19,12.87,,,,,,,,,,,
2009,2702.00,2009-06-07,6,158,8.84,,84.79,,1.38,,9.79,,98.86,,15.83,,12.86,12.60,,,,,,,,,,,
2009,2702.00,2009-06-08,6,159,8.67,,89.38,,1.17,,9.65,,94.64,,14.50,,12.62,12.34,,,,,,,,,,,
2009,2702.00,2009-06-09,6,160,9.54,,86.36,,0.37,,9.70,,95.70,,14.74,,12.79,12.53,,,,,,,,,,,
2009,2702.00,2009-06-10,6,161,11.20,,85.64,,0.33,,10.60,,105.34,,15.08,,12.76,12.46,,,,,,,,,,,
2009,2702.00,2009-06-11,6,162,12.15,,70.13,,0.56,,10.46,,107.58,,16.71,,12.80,12.68,,,,,,,,,,,
2009,2702.00,2009-06-12,6,163,13.56,,65.60,,0.51,,10.61,,113.65,,18.72,,12.96,12.96,,,,,,,,,,,
2009,2702.00,2009-06-13,6,164,13.98,,77.47,,0.60,,10.27,,109.85,,18.63,,12.91,12.97,,,,,,,,,,,
2009,2702.00,2009-06-14,6,165,16.47,,67.55,,0.60,,9.91,,109.96,,20.47,,12.98,12.99,,,,,,,,,,,
2009,2702.00,2009-06-15,6,166,18.03,,61.86,,0.79,,9.52,,109.50,,22.35,,12.97,13.02,,,,,,,,,,,
2009,2702.00,2009-06-16,6,167,18.53,,63.97,,0.77,,9.02,,103.71,,22.31,,13.03,13.09,,,,,,,,,,,
2009,2702.00,2009-06-17,6,168,18.94,,67.47,,0.69,,8.86,,103.96,,23.32,,13.03,13.07,,,,,,,,,,,
2009,2702.00,2009-06-18,6,169,19.38,,80.28,,0.82,,8.69,,101.76,,23.25,,12.95,13.08,,,,,,,,,,,
2009,2702.00,2009-06-19,6,170,21.20,,80.50,,0.69,,8.45,,99.88,,23.73,,12.96,13.07,,,,,,,,,,,
2009,2702.00,2009-06-20,6,171,21.46,,68.53,,0.96,,8.34,,101.17,,25.13,,12.98,13.11,,,,,,,,,,,
2009,2702.00,2009-06-21,6,172,21.64,,66.33,,0.64,,8.12,,100.08,,26.00,,12.99,13.09,,,,,,,,,,,
2009,2702.00,2009-06-22,6,173,22.51,,75.34,,1.12,,7.82,,96.35,,25.98,,12.94,13.07,,,,,,,,,,,
2009,2702.00,2009-06-23,6,174,25.34,,68.68,,0.65,,7.75,,98.82,,27.87,"H",12.96,13.07,,,,,,,,,,,
2009,2702.00,2009-06-24,6,175,22.55,,70.75,,0.65,,7.63,,97.29,,27.91,"H",13.05,13.13,,,,,,,,,,,
2009,2702.00,2009-06-25,6,176,21.29,,67.01,,0.88,,7.44,,92.87,,26.71,"H",12.95,13.07,,,,,,,,,,,
2009,2702.00,2009-06-26,6,177,20.23,,63.86,,0.66,,7.39,,92.45,,26.79,"H",12.99,13.05,,,,,,,,,,,
2009,2702.00,2009-06-27,6,178,18.32,,83.72,,0.91,,7.24,,86.09,,24.01,,12.69,12.72,,,,,,,,,,,
2009,2702.00,2009-06-28,6,179,16.64,,76.35,,1.44,,7.12,,80.95,,21.67,,12.81,12.85,,,,,,,,,,,
2009,2702.00,2009-06-29,6,180,13.38,,90.80,,1.55,,6.99,,76.09,,19.48,,12.62,12.61,,,,,,,,,,,
2009,2702.00,2009-06-30,6,181,10.92,,89.07,,1.12,,6.77,,71.79,,18.17,,12.77,12.77,,,,,,,,,,,
2009,2702.00,2009-07-01,7,182,11.62,,87.23,,0.97,,7.00,,73.69,,17.82,,12.83,12.83,,,,,,,,,,,
2009,2702.00,2009-07-02,7,183,14.73,,84.44,,0.76,,7.45,,79.23,,18.30,,12.78,12.78,,,,,,,,,,,
2009,,2009-07-03,7,184,17.28,"N",74.72,"N",0.65,"N",7.96,"N",89.34,"N",20.94,"N",,,,,,,,,,,,,
2009,,2009-07-04,7,185,17.02,"N",65.59,"N",0.60,"N",8.28,"N",96.52,"N",22.96,"N",,,,,,,,,,,,,
2009,,2009-07-05,7,186,16.26,"N",66.88,"N",1.03,"N",8.44,"N",97.43,"N",22.48,"N",,,,,,,,,,,,,
2009,,2009-07-06,7,187,15.40,"N",63.32,"N",1.11,"N",8.39,"N",96.25,"N",22.13,"N",,,,,,,,,,,,,
2009,,2009-07-07,7,188,13.99,"N",70.17,"N",0.76,"N",8.40,"N",97.10,"N",22.50,"N",,,,,,,,,,,,,
2009,,2009-07-08,7,189,15.17,"N",69.91,"N",0.70,"N",8.30,"N",96.89,"N",23.04,"N",,,,,,,,,,,,,
2009,,2009-07-09,7,190,18.75,"N",64.56,"N",1.45,"N",8.51,"N",99.59,"N",23.23,"N",,,,,,,,,,,,,
2009,,2009-07-10,7,191,21.93,"N",67.39,"N",1.38,"N",8.35,"N",99.50,"N",24.17,"N",,,,,,,,,,,,,
2009,,2009-07-11,7,192,16.16,"N",61.36,"N",1.36,"N",8.18,"N",95.95,"N",23.33,"N",,,,,,,,,,,,,
2009,,2009-07-12,7,193,14.74,"N",57.67,"N",1.04,"N",7.83,"N",90.79,"N",22.71,"N",,,,,,,,,,,,,
2009,,2009-07-13,7,194,15.04,"N",62.65,"N",0.85,"N",7.78,"N",90.05,"N",22.59,"N",,,,,,,,,,,,,
2009,,2009-07-14,7,195,14.98,"N",78.81,"N",0.83,"N",7.89,"N",88.65,"N",21.11,"N",,,,,,,,,,,,,
2009,,2009-07-15,7,196,18.69,"N",74.21,"N",1.45,"N",7.79,"N",87.57,"N",21.11,"N",,,,,,,,,,,,,
2009,,2009-07-16,7,197,12.85,"N",78.59,"N",1.21,"N",7.81,"N",85.89,"N",19.99,"N",,,,,,,,,,,,,
2009,,2009-07-17,7,198,12.51,"N",86.41,"N",0.88,"N",7.18,"N",77.20,"N",18.85,"N",,,,,,,,,,,,,
2009,,2009-07-18,7,199,12.23,"N",87.30,"N",0.62,"N",7.20,"N",76.28,"N",18.15,"N",,,,,,,,,,,,,
2009,,2009-07-19,7,200,15.81,"N",72.71,"N",0.56,"N",7.12,"N",76.32,"N",18.66,"N",,,,,,,,,,,,,
2009,,2009-07-20,7,201,16.47,"N",69.47,"N",0.89,"N",7.75,"N",85.17,"N",19.92,"N",,,,,,,,,,,,,
2009,,2009-07-21,7,202,16.76,"N",82.24,"N",0.67,"N",8.20,"N",91.34,"N",20.66,"N",,,,,,,,,,,,,
2009,,2009-07-22,7,203,17.04,"N",79.88,"N",0.59,"N",8.38,"N",93.96,"N",20.94,"N",,,,,,,,,,,,,
2009,,2009-07-23,7,204,17.39,"N",74.39,"N",0.49,"N",8.49,"N",96.11,"N",21.46,"N",,,,,,,,,,,,,
2009,,2009-07-24,7,205,20.61,"N",66.66,"N",1.21,"N",8.82,"N",101.90,"N",22.55,"N",,,,,,,,,,,,,
2009,,2009-07-25,7,206,16.16,"N",86.95,"N",0.57,"N",8.54,"N",96.80,"N",21.55,"N",,,,,,,,,,,,,
2009,,2009-07-26,7,207,18.38,"N",77.20,"N",1.09,"N",8.31,"N",94.66,"N",21.82,"N",,,,,,,,,,,,,
2009,,2009-07-27,7,208,19.19,"N",78.60,"N",0.86,"N",8.47,"N",97.66,"N",22.41,"N",,,,,,,,,,,,,
2009,,2009-07-28,7,209,15.27,"N",82.05,"N",0.91,"N",8.44,"N",96.82,"N",22.14,"N",,,,,,,,,,,,,
2009,,2009-07-29,7,210,15.17,"N",75.33,"N",0.79,"N",7.90,"N",88.68,"N",21.05,"N",,,,,,,,,,,,,
2009,,2009-07-30,7,211,13.64,"N",92.81,"N",0.28,"N",8.02,"N",89.09,"N",20.47,"N",,,,,,,,,,,,,
2009,,2009-07-31,7,212,16.98,"N",76.19,"N",0.72,"N",7.81,"N",88.91,"N",21.74,"N",,,,,,,,,,,,,
2009,,2009-08-01,8,213,14.86,"N",77.72,"N",1.42,"N",8.36,"N",92.52,"N",20.30,"N",,,,,,,,,,,,,
2009,,2009-08-02,8,214,14.79,"N",77.39,"N",0.73,"N",7.80,"N",86.29,"N",20.27,"N",,,,,,,,,,,,,
2009,,2009-08-03,8,215,19.07,"N",78.17,"N",0.73,"N",8.21,"N",94.04,"N",22.03,"N",,,,,,,,,,,,,
2009,,2009-08-04,8,216,16.16,"N",69.21,"N",1.05,"N",8.53,"N",97.96,"N",22.19,"N",,,,,,,,,,,,,
2009,,2009-08-05,8,217,14.75,"N",70.88,"N",0.87,"N",8.47,"N",96.40,"N",21.72,"N",,,,,,,,,,,,,
2009,,2009-08-06,8,218,15.35,"N",71.75,"N",0.77,"N",8.55,"N",98.03,"N",22.12,"N",,,,,,,,,,,,,
2009,,2009-08-07,8,219,14.93,"N",81.11,"N",1.08,"N",8.72,"N",96.65,"N",20.42,"N",,,,,,,,,,,,,
2009,,2009-08-08,8,220,20.38,"N",86.38,"N",0.68,"N",8.37,"N",95.48,"N",21.89,"N",,,,,,,,,,,,,
2009,,2009-08-09,8,221,21.48,"N",83.87,"N",0.54,"N",8.59,"N",101.10,"N",23.47,"N",,,,,,,,,,,,,
2009,,2009-08-10,8,222,18.86,"N",76.39,"N",0.74,"N",8.76,"N",102.78,"N",23.37,"N",,,,,,,,,,,,,
2009,,2009-08-11,8,223,18.11,"N",73.87,"N",0.55,"N",8.86,"N",104.95,"N",23.85,"N",,,,,,,,,,,,,
2009,,2009-08-12,8,224,19.85,"N",69.86,"N",0.67,"N",9.24,"N",110.22,"N",24.20,"N",,,,,,,,,,,,,
2009,,2009-08-13,8,225,21.92,"N",72.22,"N",0.77,"N",9.49,"N",114.68,"N",24.91,"N",,,,,,,,,,,,,
2009,,2009-08-14,8,226,23.13,"N",78.05,"N",0.67,"N",9.27,"N",113.33,"N",25.57,"N",,,,,,,,,,,,,
2009,,2009-08-15,8,227,23.80,"N",73.10,"N",1.03,"N",8.98,"N",110.85,"N",26.09,"N",,,,,,,,,,,,,
2009,,2009-08-16,8,228,21.09,"N",84.96,"N",1.15,"N",9.00,"N",107.60,"N",24.35,"N",,,,,,,,,,,,,
2009,,2009-08-17,8,229,19.06,"N",69.86,"N",0.78,"N",8.91,"N",105.72,"N",23.91,"N",,,,,,,,,,,,,
2009,,2009-08-18,8,230,16.19,"N",70.19,"N",1.11,"N",9.08,"N",105.27,"N",22.72,"N",,,,,,,,,,,,,
2009,,2009-08-19,8,231,15.71,"N",81.08,"N",1.04,"N",8.97,"N",101.36,"N",21.36,"N",,,,,,,,,,,,,
2009,,2009-08-20,8,232,15.45,"N",94.13,"N",0.24,"N",8.69,"N",96.24,"N",20.37,"N",,,,,,,,,,,,,
2009,,2009-08-21,8,233,12.47,"N",90.12,"N",0.84,"N",8.14,"N",88.12,"N",19.22,"N",,,,,,,,,,,,,
2009,,2009-08-22,8,234,12.87,"N",75.79,"N",0.71,"N",8.23,"N",90.25,"N",19.73,"N",,,,,,,,,,,,,
2009,,2009-08-23,8,235,13.35,"N",80.41,"N",0.48,"N",8.49,"N",94.31,"N",20.48,"N",,,,,,,,,,,,,
2009,,2009-08-24,8,236,18.36,"N",76.10,"N",1.21,"N",9.25,"N",104.60,"N",21.36,"N",,,,,,,,,,,,,
2009,,2009-08-25,8,237,17.60,"N",86.83,"N",0.81,"N",9.68,"N",108.38,"N",20.91,"N",,,,,,,,,,,,,
2009,,2009-08-26,8,238,16.32,"N",76.54,"N",0.52,"N",9.55,"N",108.67,"N",21.72,"N",,,,,,,,,,,,,
2009,,2009-08-27,8,239,17.23,"N",75.59,"N",0.41,"N",9.66,"N",111.27,"N",22.40,"N",,,,,,,,,,,,,
2009,,2009-08-28,8,240,14.44,"N",91.74,"N",0.41,"N",9.93,"N",111.28,"N",20.95,"N",,,,,,,,,,,,,
2009,,2009-08-29,8,241,10.13,"N",94.65,"N",1.02,"N",8.36,"N",88.99,"N",18.38,"N",,,,,,,,,,,,,
2009,,2009-08-30,8,242,9.72,"N",77.95,"N",0.64,"N",8.24,"N",87.50,"N",18.14,"N",,,,,,,,,,,,,
2009,,2009-08-31,8,243,11.36,"N",77.14,"N",0.59,"N",8.27,"N",88.91,"N",18.77,"N",,,,,,,,,,,,,
2009,,2009-09-01,9,244,13.25,"N",76.96,"N",0.55,"N",8.75,"N",95.16,"N",19.40,"N",,,,,,,,,,,,,
2009,,2009-09-02,9,245,13.46,"N",77.41,"N",0.62,"N",9.13,"N",99.72,"N",19.66,"N",,,,,,,,,,,,,
2009,,2009-09-03,9,246,14.34,"N",79.46,"N",0.51,"N",9.24,"N",101.58,"N",19.98,"N",,,,,,,,,,,,,
2009,,2009-09-04,9,247,15.64,"N",78.32,"N",0.46,"N",9.43,"N",104.45,"N",20.36,"N",,,,,,,,,,,,,
2009,,2009-09-05,9,248,16.13,"N",77.72,"N",0.53,"N",9.43,"N",105.04,"N",20.64,"N",,,,,,,,,,,,,
2009,,2009-09-06,9,249,15.74,"N",78.97,"N",0.50,"N",9.28,"N",103.17,"N",20.55,"N",,,,,,,,,,,,,
2009,,2009-09-07,9,250,16.06,"N",77.94,"N",0.50,"N",9.18,"N",102.51,"N",20.79,"N",,,,,,,,,,,,,
2009,,2009-09-08,9,251,16.20,"N",77.42,"N",0.60,"N",9.21,"N",103.40,"N",21.04,"N",,,,,,,,,,,,,
2009,,2009-09-09,9,252,16.91,"N",77.24,"N",0.55,"N",8.99,"N",101.07,"N",21.17,"N",,,,,,,,,,,,,
2009,,2009-09-10,9,253,18.24,"N",80.46,"N",0.55,"N",9.07,"N",103.41,"N",21.84,"N",,,,,,,,,,,,,
2009,,2009-09-11,9,254,18.20,"N",77.42,"N",0.70,"N",9.37,"N",107.45,"N",22.16,"N",,,,,,,,,,,,,
2009,,2009-09-12,9,255,18.02,"N",76.73,"N",0.47,"N",9.18,"N",105.52,"N",22.29,"N",,,,,,,,,,,,,
2009,,2009-09-13,9,256,18.42,"N",80.38,"N",0.51,"N",8.96,"N",102.93,"N",22.24,"N",,,,,,,,,,,,,
2009,,2009-09-14,9,257,18.40,"N",80.74,"N",0.49,"N",8.84,"N",101.36,"N",22.13,"N",,,,,,,,,,,,,
2009,,2009-09-15,9,258,17.31,"N",76.48,"N",0.76,"N",8.66,"N",99.26,"N",22.05,"N",,,,,,,,,,,,,
2009,,2009-09-16,9,259,13.18,"N",76.30,"N",0.74,"N",8.38,"N",93.20,"N",20.56,"N",,,,,,,,,,,,,
2009,,2009-09-17,9,260,16.22,"N",81.34,"N",0.66,"N",8.07,"N",88.40,"N",19.78,"N",,,,,,,,,,,,,
2009,,2009-09-18,9,261,15.10,"N",79.48,"N",0.58,"N",8.49,"N",93.20,"N",19.88,"N",,,,,,,,,,,,,
2009,,2009-09-19,9,262,14.92,"N",80.16,"N",0.64,"N",8.23,"N",89.39,"N",19.38,"N",,,,,,,,,,,,,
2009,,2009-09-20,9,263,15.32,"N",76.14,"N",0.72,"N",8.55,"N",92.97,"N",19.40,"N",,,,,,,,,,,,,
2009,,2009-09-21,9,264,15.93,"N",73.37,"N",0.51,"N",8.72,"N",94.92,"N",19.47,"N",,,,,,,,,,,,,
2009,,2009-09-22,9,265,14.99,"N",91.62,"N",0.26,"N",8.70,"N",93.96,"N",19.08,"N",,,,,,,,,,,,,
2009,,2009-09-23,9,266,16.16,"N",76.12,"N",0.58,"N",8.56,"N",92.86,"N",19.32,"N",,,,,,,,,,,,,
2009,,2009-09-24,9,267,13.33,"N",77.54,"N",0.48,"N",8.03,"N",86.34,"N",18.87,"N",,,,,,,,,,,,,
2009,,2009-09-25,9,268,14.43,"N",81.27,"N",0.85,"N",8.40,"N",89.99,"N",18.69,"N",,,,,,,,,,,,,
2009,,2009-09-26,9,269,13.88,"N",86.73,"N",0.55,"N",8.74,"N",92.81,"N",18.24,"N",,,,,,,,,,,,,
2009,,2009-09-27,9,270,13.81,"N",83.10,"N",1.31,"N",8.36,"N",87.56,"N",17.59,"N",,,,,,,,,,,,,
2009,,2009-09-28,9,271,7.25,"N",90.92,"N",2.40,"N",8.27,"N",83.66,"N",15.94,"N",,,,,,,,,,,,,
2009,,2009-09-29,9,272,4.18,"N",88.87,"N",1.18,"N",8.45,"N",81.96,"N",13.97,"N",,,,,,,,,,,,,
2009,,2009-09-30,9,273,3.92,"N",77.68,"N",0.52,"N",8.52,"N",80.59,"N",12.85,"N",,,,,,,,,,,,,
2009,,2009-10-01,10,274,6.49,"N",65.47,"N",1.49,"N",8.92,"N",83.64,"N",12.44,"N",,,,,,,,,,,,,
2009,,2009-10-02,10,275,5.93,"N",91.40,"N",1.86,"N",9.42,"N",86.43,"N",11.51,"N",,,,,,,,,,,,,
2009,,2009-10-03,10,276,6.92,"N",90.13,"N",0.45,"N",9.42,"N",85.26,"N",10.92,"N",,,,,,,,,,,,,
2009,,2009-10-04,10,277,7.81,"N",90.75,"N",0.74,"N",9.42,"N",85.49,"N",11.04,"N",,,,,,,,,,,,,
2009,,2009-10-05,10,278,7.59,"N",85.13,"N",0.47,"N",9.56,"N",86.92,"N",11.10,"N",,,,,,,,,,,,,
2009,,2009-10-06,10,279,4.90,"N",95.38,"N",0.54,"N",9.84,"N",88.29,"N",10.54,"N",,,,,,,,,,,,,
2009,,2009-10-07,10,280,7.27,"N",79.62,"N",0.82,"N",10.23,"N",90.89,"N",10.11,"N",,,,,,,,,,,,,
2009,,2009-10-08,10,281,5.68,"N",77.94,"N",0.83,"N",10.43,"N",92.49,"N",10.05,"N",,,,,,,,,,,,,
2009,,2009-10-09,10,282,2.42,"N",83.63,"N",0.57,"N",10.48,"N",92.12,"N",9.65,"N",,,,,,,,,,,,,
2009,,2009-10-10,10,283,-1.17,"N",70.29,"N",1.58,"N",10.84,"N",93.21,"N",8.77,"N",,,,,,,,,,,,,
2009,,2009-10-11,10,284,-0.66,"N",70.70,"N",0.83,"N",11.36,"N",95.51,"N",7.81,"N",,,,,,,,,,,,,
2009,,2009-10-12,10,285,-1.20,"N",88.58,"N",0.29,"N",11.42,"N",94.19,"N",7.05,"N",,,,,,,,,,,,,
2009,,2009-10-13,10,286,0.22,"N",86.28,"N",0.55,"N",11.59,"N",94.13,"N",6.44,"N",,,,,,,,,,,,,
2009,,2009-10-14,10,287,0.70,"N",79.74,"N",0.46,"N",11.64,"N",94.09,"N",6.24,"N",,,,,,,,,,,,,
2009,,2009-10-15,10,288,0.98,"N",79.10,"N",0.47,"N",11.84,"N",95.17,"N",6.03,"N",,,,,,,,,,,,,
2009,,2009-10-16,10,289,0.04,"N",79.69,"N",0.42,"N",11.91,"N",94.89,"N",5.67,"N",,,,,,,,,,,,,
2009,,2009-10-17,10,290,2.01,"N",80.98,"N",0.30,"N",12.02,"N",96.09,"N",5.80,"N",,,,,,,,,,,,,
2009,,2009-10-18,10,291,6.15,"N",67.47,"N",1.40,"N",12.17,"N",98.11,"N",6.14,"N",,,,,,,,,,,,,
2009,,2009-10-19,10,292,8.68,"N",76.17,"N",1.01,"N",12.28,"N",99.96,"N",6.51,"N",,,,,,,,,,,,,
2009,,2009-10-20,10,293,6.60,"N",81.15,"N",0.62,"N",12.08,"N",100.06,"N",7.23,"N",,,,,,,,,,,,,
2009,,2009-10-21,10,294,3.61,"N",93.79,"N",0.65,"N",12.12,"N",100.75,"N",7.35,"N",,,,,,,,,,,,,
2009,,2009-10-22,10,295,1.15,"N",88.67,"N",0.96,"N",11.91,"N",96.83,"N",6.46,"N",,,,,,,,,,,,,
2009,,2009-10-23,10,296,1.05,"N",94.65,"N",0.79,"N",12.23,"N",97.78,"N",5.82,"N",,,,,,,,,,,,,
2009,,2009-10-24,10,297,1.54,"N",92.75,"N",0.67,"N",12.33,"N",97.10,"N",5.21,"N",,,,,,,,,,,,,
2009,,2009-10-25,10,298,2.58,"N",96.28,"N",0.62,"N",12.45,"N",98.34,"N",5.35,"N",,,,,,,,,,,,,
2009,,2009-10-26,10,299,4.23,"N",96.96,"N",0.23,"N",12.19,"N",96.14,"N",5.28,"N",,,,,,,,,,,,,
2009,,2009-10-27,10,300,2.84,"N",86.12,"N",0.58,"N",12.14,"N",96.95,"N",5.78,"N",,,,,,,,,,,,,
2009,,2009-10-28,10,301,2.64,"N",92.63,"N",0.49,"N",12.16,"N",96.54,"N",5.54,"N",,,,,,,,,,,,,
2009,,2009-10-29,10,302,8.91,"N",92.42,"N",1.55,"N",12.36,"N",99.99,"N",6.26,"N",,,,,,,,,,,,,
2009,,2009-10-30,10,303,9.24,"N",95.87,"N",2.05,"N",12.48,"N",102.13,"N",6.73,"N",,,,,,,,,,,,,
