lakeid,year4,daynum,sampledate,sta,llevel_elevation
"CB",1984,157,1984-06-05,1,501.436
"CB",1984,186,1984-07-04,1,501.394
"CB",1984,200,1984-07-18,1,501.366
"CB",1984,213,1984-07-31,1,501.302
"CB",1984,250,1984-09-06,1,501.439
"CB",1984,268,1984-09-24,1,501.448
"CB",1984,291,1984-10-17,1,501.458
"CB",1984,310,1984-11-05,1,501.461
"CB",1985,122,1985-05-02,1,501.483
"CB",1985,134,1985-05-14,1,501.501
"CB",1985,150,1985-05-30,1,501.513
"CB",1985,161,1985-06-10,1,501.437
"CB",1985,176,1985-06-25,1,501.462
"CB",1985,191,1985-07-10,1,501.459
"CB",1985,203,1985-07-22,1,501.419
"CB",1985,217,1985-08-05,1,501.370
"CB",1985,232,1985-08-20,1,501.404
"CB",1985,252,1985-09-09,1,501.456
"CB",1985,276,1985-10-03,1,501.501
"CB",1985,297,1985-10-24,1,501.486
"CB",1985,316,1985-11-12,1,501.492
"CB",1986,113,1986-04-23,1,501.526
"CB",1986,126,1986-05-06,1,501.516
"CB",1986,140,1986-05-20,1,501.466
"CB",1986,153,1986-06-02,1,501.406
"CB",1986,168,1986-06-17,1,501.396
"CB",1986,182,1986-07-01,1,501.426
"CB",1986,195,1986-07-14,1,501.486
"CB",1986,212,1986-07-31,1,501.476
"CB",1986,239,1986-08-27,1,501.476
"CB",1986,252,1986-09-09,1,501.486
"CB",1986,266,1986-09-23,1,501.536
"CB",1986,281,1986-10-08,1,501.516
"CB",1986,293,1986-10-20,1,501.536
"CB",1987,120,1987-04-30,1,501.373
"CB",1987,139,1987-05-19,1,501.340
"CB",1987,154,1987-06-03,1,501.380
"CB",1987,174,1987-06-23,1,501.312
"CB",1987,182,1987-07-01,1,501.288
"CB",1987,195,1987-07-14,1,501.376
"CB",1987,208,1987-07-27,1,501.373
"CB",1987,225,1987-08-13,1,501.340
"CB",1987,237,1987-08-25,1,501.306
"CB",1987,253,1987-09-10,1,501.306
"CB",1987,266,1987-09-23,1,501.312
"CB",1987,280,1987-10-07,1,501.312
"CB",1987,293,1987-10-20,1,501.343
"CB",1987,302,1987-10-29,1,501.349
"CB",1987,321,1987-11-17,1,501.361
"CB",1988,112,1988-04-21,1,501.448
"CB",1988,132,1988-05-11,1,501.411
"CB",1988,144,1988-05-23,1,501.374
"CB",1988,160,1988-06-08,1,501.307
"CB",1988,174,1988-06-22,1,501.265
"CB",1988,189,1988-07-07,1,501.204
"CB",1988,200,1988-07-18,1,501.222
"CB",1988,215,1988-08-02,1,501.216
"CB",1988,228,1988-08-15,1,501.246
"CB",1988,245,1988-09-01,1,501.265
"CB",1988,258,1988-09-14,1,501.307
"CB",1988,270,1988-09-26,1,501.344
"CB",1988,284,1988-10-10,1,501.319
"CB",1988,301,1988-10-27,1,501.341
"CB",1988,321,1988-11-16,1,501.444
"CB",1989,136,1989-05-16,1,501.404
"CB",1989,150,1989-05-30,1,501.404
"CB",1989,165,1989-06-14,1,501.449
"CB",1989,177,1989-06-26,1,501.422
"CB",1989,192,1989-07-11,1,501.361
"CB",1989,207,1989-07-26,1,501.294
"CB",1989,221,1989-08-09,1,501.233
"CB",1989,235,1989-08-23,1,501.270
"CB",1989,249,1989-09-06,1,501.300
"CB",1989,262,1989-09-19,1,501.257
"CB",1989,275,1989-10-02,1,501.221
"CB",1989,291,1989-10-18,1,501.215
"CB",1989,303,1989-10-30,1,501.215
"CB",1989,311,1989-11-07,1,501.251
"CB",1990,122,1990-05-02,1,501.320
"CB",1990,135,1990-05-15,1,501.278
"CB",1990,150,1990-05-30,1,501.333
"CB",1990,162,1990-06-11,1,501.308
"CB",1990,176,1990-06-25,1,501.290
"CB",1990,192,1990-07-11,1,501.305
"CB",1990,206,1990-07-25,1,501.272
"CB",1990,218,1990-08-06,1,501.247
"CB",1990,232,1990-08-20,1,501.473
"CB",1990,247,1990-09-04,1,501.473
"CB",1990,260,1990-09-17,1,501.534
"CB",1990,276,1990-10-03,1,501.565
"CB",1990,288,1990-10-15,1,501.570
"CB",1990,303,1990-10-30,1,501.613
"CB",1990,312,1990-11-08,1,501.567
"CB",1991,129,1991-05-09,1,501.461
"CB",1991,141,1991-05-21,1,501.387
"CB",1991,154,1991-06-03,1,501.409
"CB",1991,168,1991-06-17,1,501.388
"CB",1991,183,1991-07-02,1,501.357
"CB",1991,197,1991-07-16,1,501.278
"CB",1991,212,1991-07-31,1,501.363
"CB",1991,224,1991-08-12,1,501.192
"CB",1991,238,1991-08-26,1,501.217
"CB",1991,253,1991-09-10,1,501.461
"CB",1991,268,1991-09-25,1,501.375
"CB",1991,281,1991-10-08,1,501.375
"CB",1991,302,1991-10-29,1,501.449
"CB",1992,190,1992-07-08,1,501.333
"CB",1992,197,1992-07-15,1,501.338
"CB",1992,209,1992-07-27,1,501.301
"CB",1992,239,1992-08-26,1,501.272
"CB",1992,267,1992-09-23,1,501.324
"CB",1992,281,1992-10-07,1,501.352
"CB",1992,296,1992-10-22,1,501.370
"CB",1992,310,1992-11-05,1,501.382
"CB",1993,124,1993-05-04,1,501.409
"CB",1993,139,1993-05-19,1,501.372
"CB",1993,154,1993-06-03,1,501.384
"CB",1993,166,1993-06-15,1,501.391
"CB",1993,182,1993-07-01,1,501.403
"CB",1993,193,1993-07-12,1,501.372
"CB",1993,210,1993-07-29,1,501.342
"CB",1993,222,1993-08-10,1,501.348
"CB",1993,237,1993-08-25,1,501.317
"CB",1993,252,1993-09-09,1,501.421
"CB",1993,263,1993-09-20,1,501.397
"CB",1993,279,1993-10-06,1,501.378
"CB",1993,293,1993-10-20,1,501.378
"CB",1993,306,1993-11-02,1,501.384
"CB",1994,122,1994-05-02,1,501.363
"CB",1994,139,1994-05-19,1,501.305
"CB",1994,157,1994-06-06,1,501.290
"CB",1994,165,1994-06-14,1,501.293
"CB",1994,180,1994-06-29,1,501.307
"CB",1994,192,1994-07-11,1,501.333
"CB",1994,207,1994-07-26,1,501.351
"CB",1994,223,1994-08-11,1,501.314
"CB",1994,234,1994-08-22,1,501.290
"CB",1994,251,1994-09-08,1,501.275
"CB",1994,263,1994-09-20,1,501.363
"CB",1994,277,1994-10-04,1,501.369
"CB",1994,306,1994-11-02,1,501.381
"CB",1994,319,1994-11-15,1,501.363
"CB",1995,122,1995-05-02,1,501.412
"CB",1995,137,1995-05-17,1,501.452
"CB",1995,153,1995-06-02,1,501.412
"CB",1995,163,1995-06-12,1,501.424
"CB",1995,178,1995-06-27,1,501.351
"CB",1995,193,1995-07-12,1,501.342
"CB",1995,205,1995-07-24,1,501.397
"CB",1995,219,1995-08-07,1,501.421
"CB",1995,234,1995-08-22,1,501.418
"CB",1995,248,1995-09-05,1,501.391
"CB",1995,264,1995-09-21,1,501.369
"CB",1995,277,1995-10-04,1,501.436
"CB",1995,290,1995-10-17,1,501.412
"CB",1995,304,1995-10-31,1,501.461
"CB",1996,177,1996-06-25,1,501.347
"CB",1996,190,1996-07-08,1,501.386
"CB",1996,204,1996-07-22,1,501.438
"CB",1996,220,1996-08-07,1,501.526
"CB",1996,235,1996-08-22,1,501.389
"CB",1996,249,1996-09-05,1,501.511
"CB",1996,262,1996-09-18,1,501.499
"CB",1996,275,1996-10-01,1,501.548
"CB",1997,210,1997-07-29,1,501.488
"CB",1997,223,1997-08-11,1,501.439
"CB",1997,238,1997-08-26,1,501.479
"CB",1997,254,1997-09-11,1,501.475
"CB",1997,265,1997-09-22,1,501.482
"CB",1997,279,1997-10-06,1,501.457
"CB",1997,294,1997-10-21,1,501.500
"CB",1997,310,1997-11-06,1,501.500
"CB",1998,110,1998-04-20,1,501.451
"CB",1998,125,1998-05-05,1,501.393
"CB",1998,139,1998-05-19,1,501.369
"CB",1998,154,1998-06-03,1,501.369
"CB",1998,167,1998-06-16,1,501.406
"CB",1998,181,1998-06-30,1,501.418
"CB",1998,196,1998-07-15,1,501.384
"CB",1998,209,1998-07-28,1,501.341
"CB",1998,222,1998-08-10,1,501.320
"CB",1998,236,1998-08-24,1,501.323
"CB",1998,251,1998-09-08,1,501.146
"CB",1998,264,1998-09-21,1,501.244
"CB",1998,280,1998-10-07,1,501.268
"CB",1998,294,1998-10-21,1,501.262
"CB",1998,306,1998-11-02,1,501.259
"CB",1999,124,1999-05-04,1,501.241
"CB",1999,139,1999-05-19,1,501.330
"CB",1999,153,1999-06-02,1,501.208
"CB",1999,165,1999-06-14,1,501.238
"CB",1999,181,1999-06-30,1,501.250
"CB",1999,194,1999-07-13,1,501.345
"CB",1999,207,1999-07-26,1,501.314
"CB",1999,221,1999-08-09,1,501.293
"CB",1999,237,1999-08-25,1,501.308
"CB",1999,252,1999-09-09,1,501.259
"CB",1999,264,1999-09-21,1,501.269
"CB",1999,278,1999-10-05,1,501.238
"CB",1999,293,1999-10-20,1,501.256
"CB",1999,307,1999-11-03,1,501.247
"CB",2000,89,2000-03-29,1,501.345
"CB",2000,108,2000-04-17,1,501.327
"CB",2000,122,2000-05-01,1,501.312
"CB",2000,138,2000-05-17,1,501.272
"CB",2000,152,2000-05-31,1,501.245
"CB",2000,166,2000-06-14,1,501.232
"CB",2000,180,2000-06-28,1,501.296
"CB",2000,192,2000-07-10,1,501.440
"CB",2000,209,2000-07-27,1,501.306
"CB",2000,221,2000-08-08,1,501.293
"CB",2000,235,2000-08-22,1,501.263
"CB",2000,250,2000-09-06,1,501.257
"CB",2000,262,2000-09-18,1,501.254
"CB",2000,276,2000-10-02,1,501.263
"CB",2000,292,2000-10-18,1,501.263
"CB",2000,305,2000-10-31,1,501.254
"CB",2000,318,2000-11-13,1,501.275
"CB",2001,123,2001-05-03,1,501.370
"CB",2001,135,2001-05-15,1,501.350
"CB",2001,155,2001-06-04,1,501.340
"CB",2001,164,2001-06-13,1,501.360
"CB",2001,177,2001-06-26,1,501.350
"CB",2001,192,2001-07-11,1,501.330
"CB",2001,205,2001-07-24,1,501.330
"CB",2001,220,2001-08-08,1,501.340
"CB",2001,234,2001-08-22,1,501.310
"CB",2001,248,2001-09-05,1,501.260
"CB",2001,262,2001-09-19,1,501.300
"CB",2001,275,2001-10-02,1,501.290
"CB",2001,290,2001-10-17,1,501.320
"CB",2002,115,2002-04-25,1,501.381
"CB",2002,128,2002-05-08,1,501.388
"CB",2002,141,2002-05-21,1,501.323
"CB",2002,155,2002-06-04,1,501.273
"CB",2002,169,2002-06-18,1,501.288
"CB",2002,182,2002-07-01,1,501.253
"CB",2002,198,2002-07-17,1,501.193
"CB",2002,210,2002-07-29,1,501.273
"CB",2002,225,2002-08-13,1,501.283
"CB",2002,239,2002-08-27,1,501.293
"CB",2002,253,2002-09-10,1,501.318
"CB",2002,266,2002-09-23,1,501.303
"CB",2002,281,2002-10-08,1,501.393
"CB",2002,295,2002-10-22,1,501.373
"CB",2002,301,2002-10-28,1,501.368
"CB",2003,121,2003-05-01,1,501.379
"CB",2003,132,2003-05-12,1,501.439
"CB",2003,147,2003-05-27,1,501.324
"CB",2003,161,2003-06-10,1,501.319
"CB",2003,176,2003-06-25,1,501.374
"CB",2003,189,2003-07-08,1,501.324
"CB",2003,203,2003-07-22,1,501.304
"CB",2003,216,2003-08-04,1,501.284
"CB",2003,230,2003-08-18,1,501.224
"CB",2003,246,2003-09-03,1,501.214
"CB",2003,261,2003-09-18,1,501.194
"CB",2003,272,2003-09-29,1,501.209
"CB",2003,288,2003-10-15,1,501.209
"CB",2003,301,2003-10-28,1,501.214
"CB",2003,310,2003-11-06,1,501.239
"CB",2004,119,2004-04-28,1,501.426
"CB",2004,132,2004-05-11,1,501.366
"CB",2004,148,2004-05-27,1,501.396
"CB",2004,161,2004-06-09,1,501.376
"CB",2004,175,2004-06-23,1,501.326
"CB",2004,190,2004-07-08,1,501.291
"CB",2004,202,2004-07-20,1,501.266
"CB",2004,217,2004-08-04,1,501.231
"CB",2004,231,2004-08-18,1,501.236
"CB",2004,244,2004-08-31,1,501.214
"CB",2004,258,2004-09-14,1,501.191
"CB",2004,273,2004-09-29,1,501.191
"CB",2004,287,2004-10-13,1,501.191
"CB",2004,300,2004-10-26,1,501.196
"CB",2004,313,2004-11-08,1,501.261
"CB",2005,124,2005-05-04,1,501.326
"CB",2005,137,2005-05-17,1,501.326
"CB",2005,153,2005-06-02,1,501.284
"CB",2005,166,2005-06-15,1,501.324
"CB",2005,180,2005-06-29,1,501.264
"CB",2005,194,2005-07-13,1,501.114
"CB",2005,208,2005-07-27,1,501.209
"CB",2005,221,2005-08-09,1,501.164
"CB",2005,234,2005-08-22,1,501.139
"CB",2005,250,2005-09-07,1,501.089
"CB",2005,263,2005-09-20,1,501.134
"CB",2005,279,2005-10-06,1,501.379
"CB",2005,292,2005-10-19,1,501.324
"CB",2005,312,2005-11-08,1,501.293
"CB",2006,108,2006-04-18,1,501.354
"CB",2006,123,2006-05-03,1,501.316
"CB",2006,137,2006-05-17,1,501.331
"CB",2006,152,2006-06-01,1,501.321
"CB",2006,179,2006-06-28,1,501.231
"CB",2006,193,2006-07-12,1,501.216
"CB",2006,207,2006-07-26,1,501.151
"CB",2006,219,2006-08-07,1,501.191
"CB",2006,234,2006-08-22,1,501.171
"CB",2006,250,2006-09-07,1,501.141
"CB",2006,261,2006-09-18,1,501.136
"CB",2006,276,2006-10-03,1,501.146
"CB",2006,291,2006-10-18,1,501.171
"CB",2006,299,2006-10-26,1,501.179
"CB",2007,113,2007-04-23,1,501.228
"CB",2007,128,2007-05-08,1,501.178
"CB",2007,143,2007-05-23,1,501.136
"CB",2007,156,2007-06-05,1,501.141
"CB",2007,169,2007-06-18,1,501.091
"CB",2007,184,2007-07-03,1,501.066
"CB",2007,199,2007-07-18,1,501.036
"CB",2007,212,2007-07-31,1,501.016
"CB",2007,226,2007-08-14,1,500.951
"CB",2007,240,2007-08-28,1,500.926
"CB",2007,253,2007-09-10,1,500.886
"CB",2007,269,2007-09-26,1,500.906
"CB",2007,283,2007-10-10,1,501.086
"CB",2007,296,2007-10-23,1,501.121
"CB",2007,312,2007-11-08,1,501.091
"CB",2008,127,2008-05-06,1,501.293
"CB",2008,141,2008-05-20,1,501.225
"CB",2008,157,2008-06-05,1,501.213
"CB",2008,172,2008-06-20,1,501.192
"CB",2008,184,2008-07-02,1,501.164
"CB",2008,199,2008-07-17,1,501.127
"CB",2008,211,2008-07-29,1,501.140
"CB",2008,228,2008-08-15,1,501.063
"CB",2008,240,2008-08-27,1,501.045
"CB",2008,253,2008-09-09,1,501.040
"CB",2008,269,2008-09-25,1,501.065
"CB",2008,281,2008-10-07,1,501.080
"CB",2008,296,2008-10-22,1,501.070
"CB",2008,311,2008-11-06,1,501.100
"CB",2009,117,2009-04-27,1,501.260
"CB",2009,132,2009-05-12,1,501.217
"CB",2009,147,2009-05-27,1,501.182
"CB",2009,160,2009-06-09,1,501.182
"CB",2009,174,2009-06-23,1,501.142
"CB",2009,189,2009-07-08,1,501.087
"CB",2009,203,2009-07-22,1,501.052
"CB",2009,215,2009-08-03,1,501.042
"CB",2009,230,2009-08-18,1,501.002
"CB",2009,245,2009-09-02,1,501.027
"CB",2009,259,2009-09-16,1,500.982
"CB",2009,271,2009-09-28,1,500.972
"CB",2009,286,2009-10-13,1,501.022
"CB",2009,301,2009-10-28,1,501.082
"CB",2009,313,2009-11-09,1,501.092
"CB",2010,104,2010-04-14,1,501.068
"CB",2010,116,2010-04-26,1,501.050
"CB",2010,131,2010-05-11,1,501.084
"CB",2010,147,2010-05-27,1,501.042
"CB",2010,159,2010-06-08,1,501.039
"CB",2010,172,2010-06-21,1,501.106
"CB",2010,187,2010-07-06,1,501.185
"CB",2010,200,2010-07-19,1,501.209
"CB",2010,216,2010-08-04,1,501.209
"CB",2010,228,2010-08-16,1,501.217
"CB",2010,245,2010-09-02,1,501.224
"CB",2010,258,2010-09-15,1,501.204
"CB",2010,270,2010-09-27,1,501.287
"CB",2010,286,2010-10-13,1,501.219
"CB",2010,298,2010-10-25,1,501.219
"CB",2010,316,2010-11-12,1,501.214
"CB",2011,122,2011-05-02,1,501.298
"CB",2011,139,2011-05-19,1,501.255
"CB",2011,153,2011-06-02,1,501.225
"CB",2011,166,2011-06-15,1,501.175
"CB",2011,180,2011-06-29,1,501.215
"CB",2011,192,2011-07-11,1,501.170
"CB",2011,207,2011-07-26,1,501.205
"CB",2011,222,2011-08-10,1,501.225
"CB",2011,236,2011-08-24,1,501.200
"CB",2011,250,2011-09-07,1,501.165
"CB",2011,264,2011-09-21,1,501.130
"CB",2011,277,2011-10-04,1,501.133
"CB",2011,292,2011-10-19,1,501.135
"CB",2011,305,2011-11-01,1,501.143
"CB",2011,312,2011-11-08,1,501.135
"CB",2012,95,2012-04-04,1,501.207
"CB",2012,110,2012-04-19,1,501.200
"CB",2012,122,2012-05-01,1,501.171
"CB",2012,136,2012-05-15,1,501.196
"CB",2012,151,2012-05-30,1,501.184
"CB",2012,165,2012-06-13,1,501.129
"CB",2012,179,2012-06-27,1,501.212
"CB",2012,191,2012-07-09,1,501.181
"CB",2012,206,2012-07-24,1,501.109
"CB",2012,221,2012-08-08,1,501.099
"CB",2012,235,2012-08-22,1,501.089
"CB",2012,249,2012-09-05,1,501.050
"CB",2012,262,2012-09-18,1,501.044
"CB",2012,277,2012-10-03,1,501.027
"CB",2012,291,2012-10-17,1,501.016
"CB",2012,304,2012-10-30,1,501.147
"CB",2012,310,2012-11-05,1,501.179
"CB",2013,133,2013-05-13,1,501.253
"CB",2013,162,2013-06-11,1,501.197
"CB",2013,177,2013-06-26,1,501.202
"CB",2013,190,2013-07-09,1,501.252
"CB",2013,217,2013-08-05,1,501.142
"CB",2013,231,2013-08-19,1,501.105
"CB",2013,248,2013-09-05,1,501.172
"CB",2013,276,2013-10-03,1,501.146
"CB",2013,301,2013-10-28,1,501.197
"CB",2013,311,2013-11-07,1,501.217
"CB",2014,141,2014-05-21,1,501.283
"CB",2014,155,2014-06-04,1,501.232
"CB",2014,169,2014-06-18,1,501.198
"CB",2014,182,2014-07-01,1,501.162
"CB",2014,196,2014-07-15,1,501.159
"CB",2014,210,2014-07-29,1,501.154
"CB",2014,225,2014-08-13,1,501.122
"CB",2014,238,2014-08-26,1,501.127
"CB",2014,253,2014-09-10,1,501.163
"CB",2014,268,2014-09-25,1,501.214
"CB",2014,281,2014-10-08,1,501.217
"CB",2014,294,2014-10-21,1,501.237
"CB",2014,308,2014-11-04,1,501.237
"CB",2015,110,2015-04-20,1,501.282
"CB",2015,127,2015-05-07,1,501.232
"CB",2015,140,2015-05-20,1,501.236
"CB",2015,153,2015-06-02,1,501.251
"CB",2015,167,2015-06-16,1,501.289
"CB",2015,180,2015-06-29,1,501.249
"CB",2015,195,2015-07-14,1,501.246
"CB",2015,210,2015-07-29,1,501.195
"CB",2015,224,2015-08-12,1,501.199
"CB",2015,238,2015-08-26,1,501.201
"CB",2015,252,2015-09-09,1,501.187
"CB",2015,264,2015-09-21,1,501.164
"CB",2015,280,2015-10-07,1,501.136
"CB",2015,292,2015-10-19,1,501.145
"CB",2015,313,2015-11-09,1,501.208
"TB",1984,156,1984-06-04,1,493.768
"TB",1984,171,1984-06-19,1,493.771
"TB",1984,184,1984-07-02,1,493.735
"TB",1984,199,1984-07-17,1,493.720
"TB",1984,214,1984-08-01,1,493.680
"TB",1984,228,1984-08-15,1,493.775
"TB",1984,250,1984-09-06,1,493.790
"TB",1984,271,1984-09-27,1,493.826
"TB",1984,313,1984-11-08,1,493.814
"TB",1985,119,1985-04-29,1,493.859
"TB",1985,133,1985-05-13,1,493.874
"TB",1985,151,1985-05-31,1,493.880
"TB",1985,163,1985-06-12,1,493.813
"TB",1985,178,1985-06-27,1,493.841
"TB",1985,192,1985-07-11,1,493.850
"TB",1985,205,1985-07-24,1,493.801
"TB",1985,218,1985-08-06,1,493.768
"TB",1985,233,1985-08-21,1,493.768
"TB",1985,252,1985-09-09,1,493.847
"TB",1985,274,1985-10-01,1,493.893
"TB",1985,296,1985-10-23,1,493.850
"TB",1986,111,1986-04-21,1,493.865
"TB",1986,141,1986-05-21,1,493.775
"TB",1986,154,1986-06-03,1,493.715
"TB",1986,167,1986-06-16,1,493.705
"TB",1986,182,1986-07-01,1,493.725
"TB",1986,196,1986-07-15,1,493.805
"TB",1986,210,1986-07-29,1,493.805
"TB",1986,225,1986-08-13,1,493.785
"TB",1986,238,1986-08-26,1,493.775
"TB",1986,251,1986-09-08,1,493.755
"TB",1986,268,1986-09-25,1,493.815
"TB",1986,279,1986-10-06,1,493.805
"TB",1986,296,1986-10-23,1,493.815
"TB",1987,120,1987-04-30,1,493.556
"TB",1987,138,1987-05-18,1,493.477
"TB",1987,154,1987-06-03,1,493.550
"TB",1987,173,1987-06-22,1,493.486
"TB",1987,182,1987-07-01,1,493.456
"TB",1987,197,1987-07-16,1,493.568
"TB",1987,209,1987-07-28,1,493.541
"TB",1987,224,1987-08-12,1,493.483
"TB",1987,236,1987-08-24,1,493.471
"TB",1987,253,1987-09-10,1,493.450
"TB",1987,267,1987-09-24,1,493.453
"TB",1987,279,1987-10-06,1,493.459
"TB",1987,292,1987-10-19,1,493.501
"TB",1987,306,1987-11-02,1,493.507
"TB",1987,323,1987-11-19,1,493.547
"TB",1988,112,1988-04-21,1,493.475
"TB",1988,131,1988-05-10,1,493.429
"TB",1988,145,1988-05-24,1,493.380
"TB",1988,158,1988-06-06,1,493.325
"TB",1988,172,1988-06-20,1,493.264
"TB",1988,186,1988-07-04,1,493.228
"TB",1988,202,1988-07-20,1,493.222
"TB",1988,216,1988-08-03,1,493.203
"TB",1988,229,1988-08-16,1,493.228
"TB",1988,244,1988-08-31,1,493.228
"TB",1988,259,1988-09-15,1,493.234
"TB",1988,272,1988-09-28,1,493.258
"TB",1988,285,1988-10-11,1,493.234
"TB",1988,299,1988-10-25,1,493.246
"TB",1989,123,1989-05-03,1,493.673
"TB",1989,138,1989-05-18,1,493.643
"TB",1989,149,1989-05-29,1,493.661
"TB",1989,165,1989-06-14,1,493.722
"TB",1989,178,1989-06-27,1,493.734
"TB",1989,194,1989-07-13,1,493.655
"TB",1989,205,1989-07-24,1,493.594
"TB",1989,220,1989-08-08,1,493.509
"TB",1989,233,1989-08-21,1,493.509
"TB",1989,249,1989-09-06,1,493.533
"TB",1989,263,1989-09-20,1,493.478
"TB",1989,276,1989-10-03,1,493.436
"TB",1989,289,1989-10-16,1,493.430
"TB",1989,303,1989-10-30,1,493.414
"TB",1989,311,1989-11-07,1,493.430
"TB",1990,121,1990-05-01,1,493.595
"TB",1990,136,1990-05-16,1,493.677
"TB",1990,150,1990-05-30,1,493.696
"TB",1990,163,1990-06-12,1,493.686
"TB",1990,178,1990-06-27,1,493.668
"TB",1990,193,1990-07-12,1,493.653
"TB",1990,205,1990-07-24,1,493.622
"TB",1990,220,1990-08-08,1,493.564
"TB",1990,234,1990-08-22,1,493.726
"TB",1990,249,1990-09-06,1,493.775
"TB",1990,260,1990-09-17,1,493.775
"TB",1990,274,1990-10-01,1,493.732
"TB",1990,289,1990-10-16,1,493.720
"TB",1990,302,1990-10-29,1,493.757
"TB",1990,312,1990-11-08,1,493.735
"TB",1991,129,1991-05-09,1,493.823
"TB",1991,156,1991-06-05,1,493.842
"TB",1991,169,1991-06-18,1,493.805
"TB",1991,183,1991-07-02,1,493.842
"TB",1991,199,1991-07-18,1,493.811
"TB",1991,210,1991-07-29,1,493.814
"TB",1991,224,1991-08-12,1,493.738
"TB",1991,238,1991-08-26,1,493.714
"TB",1991,254,1991-09-11,1,493.732
"TB",1991,267,1991-09-24,1,493.708
"TB",1991,281,1991-10-08,1,493.729
"TB",1991,301,1991-10-28,1,493.732
"TB",1991,308,1991-11-04,1,493.817
"TB",1992,125,1992-05-04,1,493.813
"TB",1992,141,1992-05-20,1,493.810
"TB",1992,153,1992-06-01,1,493.719
"TB",1992,167,1992-06-15,1,493.686
"TB",1992,189,1992-07-07,1,493.747
"TB",1992,213,1992-07-31,1,493.661
"TB",1992,223,1992-08-10,1,493.630
"TB",1992,240,1992-08-27,1,493.576
"TB",1992,255,1992-09-11,1,493.589
"TB",1992,268,1992-09-24,1,493.650
"TB",1992,279,1992-10-05,1,493.631
"TB",1992,295,1992-10-21,1,493.680
"TB",1992,310,1992-11-05,1,493.698
"TB",1993,123,1993-05-03,1,493.862
"TB",1993,140,1993-05-20,1,493.795
"TB",1993,154,1993-06-03,1,493.789
"TB",1993,165,1993-06-14,1,493.789
"TB",1993,179,1993-06-28,1,493.789
"TB",1993,196,1993-07-15,1,493.752
"TB",1993,207,1993-07-26,1,493.728
"TB",1993,221,1993-08-09,1,493.703
"TB",1993,235,1993-08-23,1,493.667
"TB",1993,252,1993-09-09,1,493.673
"TB",1993,265,1993-09-22,1,493.722
"TB",1993,280,1993-10-07,1,493.697
"TB",1993,292,1993-10-19,1,493.703
"TB",1993,306,1993-11-02,1,493.709
"TB",1994,123,1994-05-03,1,493.829
"TB",1994,139,1994-05-19,1,493.793
"TB",1994,166,1994-06-15,1,493.787
"TB",1994,179,1994-06-28,1,493.778
"TB",1994,192,1994-07-11,1,493.774
"TB",1994,206,1994-07-25,1,493.769
"TB",1994,221,1994-08-09,1,493.738
"TB",1994,251,1994-09-08,1,493.668
"TB",1994,263,1994-09-20,1,493.793
"TB",1994,276,1994-10-03,1,493.787
"TB",1994,305,1994-11-01,1,493.774
"TB",1994,318,1994-11-14,1,493.762
"TB",1995,121,1995-05-01,1,493.866
"TB",1995,136,1995-05-16,1,493.896
"TB",1995,152,1995-06-01,1,493.848
"TB",1995,164,1995-06-13,1,493.820
"TB",1995,179,1995-06-28,1,493.683
"TB",1995,192,1995-07-11,1,493.701
"TB",1995,206,1995-07-25,1,493.738
"TB",1995,220,1995-08-08,1,493.732
"TB",1995,233,1995-08-21,1,493.726
"TB",1995,248,1995-09-05,1,493.701
"TB",1995,262,1995-09-19,1,493.692
"TB",1995,275,1995-10-02,1,493.738
"TB",1995,290,1995-10-17,1,493.823
"TB",1995,305,1995-11-01,1,493.866
"TB",1996,131,1996-05-10,1,493.854
"TB",1996,152,1996-05-31,1,493.799
"TB",1996,176,1996-06-24,1,493.793
"TB",1996,193,1996-07-11,1,493.793
"TB",1996,205,1996-07-23,1,493.836
"TB",1996,219,1996-08-06,1,493.866
"TB",1996,233,1996-08-20,1,493.824
"TB",1996,248,1996-09-04,1,493.799
"TB",1996,261,1996-09-17,1,493.763
"TB",1996,277,1996-10-03,1,493.775
"TB",1996,291,1996-10-17,1,493.799
"TB",1996,309,1996-11-04,1,493.839
"TB",1997,125,1997-05-05,1,493.830
"TB",1997,140,1997-05-20,1,493.824
"TB",1997,155,1997-06-04,1,493.781
"TB",1997,170,1997-06-19,1,493.848
"TB",1997,184,1997-07-03,1,493.769
"TB",1997,197,1997-07-16,1,493.778
"TB",1997,209,1997-07-28,1,493.705
"TB",1997,223,1997-08-11,1,493.650
"TB",1997,237,1997-08-25,1,493.729
"TB",1997,253,1997-09-10,1,493.732
"TB",1997,267,1997-09-24,1,493.717
"TB",1997,281,1997-10-08,1,493.753
"TB",1997,294,1997-10-21,1,493.699
"TB",1997,310,1997-11-06,1,493.760
"TB",1998,111,1998-04-21,1,493.838
"TB",1998,126,1998-05-06,1,493.765
"TB",1998,140,1998-05-20,1,493.716
"TB",1998,153,1998-06-02,1,493.716
"TB",1998,168,1998-06-17,1,493.777
"TB",1998,182,1998-07-01,1,493.771
"TB",1998,195,1998-07-14,1,493.726
"TB",1998,208,1998-07-27,1,493.655
"TB",1998,222,1998-08-10,1,493.619
"TB",1998,239,1998-08-27,1,493.655
"TB",1998,253,1998-09-10,1,493.591
"TB",1998,266,1998-09-23,1,493.582
"TB",1998,279,1998-10-06,1,493.594
"TB",1998,292,1998-10-19,1,493.588
"TB",1998,316,1998-11-12,1,493.567
"TB",1999,126,1999-05-06,1,493.654
"TB",1999,138,1999-05-18,1,493.782
"TB",1999,154,1999-06-03,1,493.736
"TB",1999,165,1999-06-14,1,493.745
"TB",1999,182,1999-07-01,1,493.730
"TB",1999,193,1999-07-12,1,493.825
"TB",1999,207,1999-07-26,1,493.800
"TB",1999,223,1999-08-11,1,493.776
"TB",1999,238,1999-08-26,1,493.761
"TB",1999,253,1999-09-10,1,493.691
"TB",1999,263,1999-09-20,1,493.697
"TB",1999,279,1999-10-06,1,493.648
"TB",1999,294,1999-10-21,1,493.654
"TB",1999,308,1999-11-04,1,493.639
"TB",2000,96,2000-04-05,1,493.807
"TB",2000,108,2000-04-17,1,493.816
"TB",2000,124,2000-05-03,1,493.807
"TB",2000,136,2000-05-15,1,493.777
"TB",2000,154,2000-06-02,1,493.734
"TB",2000,164,2000-06-12,1,493.719
"TB",2000,178,2000-06-26,1,493.813
"TB",2000,193,2000-07-11,1,493.911
"TB",2000,207,2000-07-25,1,493.829
"TB",2000,222,2000-08-09,1,493.807
"TB",2000,236,2000-08-23,1,493.789
"TB",2000,249,2000-09-05,1,493.758
"TB",2000,264,2000-09-20,1,493.752
"TB",2000,278,2000-10-04,1,493.728
"TB",2000,291,2000-10-17,1,493.734
"TB",2000,304,2000-10-30,1,493.728
"TB",2000,319,2000-11-14,1,493.746
"TB",2001,121,2001-05-01,1,493.815
"TB",2001,136,2001-05-16,1,493.805
"TB",2001,150,2001-05-30,1,493.825
"TB",2001,163,2001-06-12,1,493.825
"TB",2001,176,2001-06-25,1,493.835
"TB",2001,190,2001-07-09,1,493.765
"TB",2001,204,2001-07-23,1,493.805
"TB",2001,219,2001-08-07,1,493.825
"TB",2001,233,2001-08-21,1,493.755
"TB",2001,249,2001-09-06,1,493.675
"TB",2001,261,2001-09-18,1,493.685
"TB",2001,274,2001-10-01,1,493.675
"TB",2001,289,2001-10-16,1,493.715
"TB",2001,303,2001-10-30,1,493.745
"TB",2001,320,2001-11-16,1,493.745
"TB",2002,114,2002-04-24,1,493.824
"TB",2002,127,2002-05-07,1,493.787
"TB",2002,142,2002-05-22,1,493.741
"TB",2002,155,2002-06-04,1,493.708
"TB",2002,168,2002-06-17,1,493.744
"TB",2002,182,2002-07-01,1,493.693
"TB",2002,197,2002-07-16,1,493.616
"TB",2002,212,2002-07-31,1,493.757
"TB",2002,224,2002-08-12,1,493.671
"TB",2002,239,2002-08-27,1,493.677
"TB",2002,253,2002-09-10,1,493.690
"TB",2002,267,2002-09-24,1,493.677
"TB",2002,280,2002-10-07,1,493.775
"TB",2002,295,2002-10-22,1,493.732
"TB",2002,308,2002-11-04,1,493.714
"TB",2003,125,2003-05-05,1,493.771
"TB",2003,132,2003-05-12,1,493.877
"TB",2003,147,2003-05-27,1,493.783
"TB",2003,163,2003-06-12,1,493.823
"TB",2003,175,2003-06-24,1,493.755
"TB",2003,191,2003-07-10,1,493.691
"TB",2003,202,2003-07-21,1,493.666
"TB",2003,217,2003-08-05,1,493.646
"TB",2003,232,2003-08-20,1,493.696
"TB",2003,247,2003-09-04,1,493.546
"TB",2003,262,2003-09-19,1,493.531
"TB",2003,272,2003-09-29,1,493.526
"TB",2003,287,2003-10-14,1,493.516
"TB",2003,300,2003-10-27,1,493.496
"TB",2003,311,2003-11-07,1,493.436
"TB",2004,117,2004-04-26,1,493.846
"TB",2004,134,2004-05-13,1,493.856
"TB",2004,146,2004-05-25,1,493.816
"TB",2004,161,2004-06-09,1,493.791
"TB",2004,173,2004-06-21,1,493.736
"TB",2004,188,2004-07-06,1,493.696
"TB",2004,201,2004-07-19,1,493.651
"TB",2004,216,2004-08-03,1,493.591
"TB",2004,230,2004-08-17,1,493.574
"TB",2004,244,2004-08-31,1,493.546
"TB",2004,254,2004-09-10,1,493.546
"TB",2004,272,2004-09-28,1,493.521
"TB",2004,286,2004-10-12,1,493.511
"TB",2004,300,2004-10-26,1,493.501
"TB",2004,316,2004-11-11,1,493.501
"TB",2005,145,2005-05-25,1,493.737
"TB",2005,161,2005-06-10,1,493.713
"TB",2005,175,2005-06-24,1,493.713
"TB",2005,179,2005-06-28,1,493.728
"TB",2005,192,2005-07-11,1,493.664
"TB",2005,206,2005-07-25,1,493.630
"TB",2005,220,2005-08-08,1,493.585
"TB",2005,234,2005-08-22,1,493.545
"TB",2005,251,2005-09-08,1,493.465
"TB",2005,265,2005-09-22,1,493.465
"TB",2005,278,2005-10-05,1,493.660
"TB",2005,292,2005-10-19,1,493.650
"TB",2005,321,2005-11-17,1,493.665
"TB",2006,108,2006-04-18,1,493.801
"TB",2006,121,2006-05-01,1,493.859
"TB",2006,138,2006-05-18,1,493.766
"TB",2006,152,2006-06-01,1,493.751
"TB",2006,163,2006-06-12,1,493.734
"TB",2006,177,2006-06-26,1,493.666
"TB",2006,192,2006-07-11,1,493.606
"TB",2006,205,2006-07-24,1,493.541
"TB",2006,220,2006-08-08,1,493.563
"TB",2006,234,2006-08-22,1,493.554
"TB",2006,250,2006-09-07,1,493.516
"TB",2006,262,2006-09-19,1,493.496
"TB",2006,275,2006-10-02,1,493.521
"TB",2006,290,2006-10-17,1,493.531
"TB",2006,305,2006-11-01,1,493.516
"TB",2007,115,2007-04-25,1,493.651
"TB",2007,129,2007-05-09,1,493.629
"TB",2007,142,2007-05-22,1,493.614
"TB",2007,156,2007-06-05,1,493.614
"TB",2007,169,2007-06-18,1,493.569
"TB",2007,186,2007-07-05,1,493.519
"TB",2007,198,2007-07-17,1,493.724
"TB",2007,214,2007-08-02,1,493.414
"TB",2007,225,2007-08-13,1,493.374
"TB",2007,241,2007-08-29,1,493.344
"TB",2007,256,2007-09-13,1,493.369
"TB",2007,269,2007-09-26,1,493.414
"TB",2007,282,2007-10-09,1,493.514
"TB",2007,297,2007-10-24,1,493.544
"TB",2007,319,2007-11-15,1,493.534
"TB",2008,129,2008-05-08,1,493.691
"TB",2008,142,2008-05-21,1,493.650
"TB",2008,155,2008-06-03,1,493.659
"TB",2008,172,2008-06-20,1,493.735
"TB",2008,182,2008-06-30,1,493.597
"TB",2008,198,2008-07-16,1,493.557
"TB",2008,210,2008-07-28,1,493.543
"TB",2008,226,2008-08-13,1,493.467
"TB",2008,239,2008-08-26,1,493.405
"TB",2008,255,2008-09-11,1,493.370
"TB",2008,267,2008-09-23,1,493.380
"TB",2008,280,2008-10-06,1,493.375
"TB",2008,295,2008-10-21,1,493.375
"TB",2008,316,2008-11-11,1,493.395
"TB",2009,118,2009-04-28,1,493.495
"TB",2009,134,2009-05-14,1,493.556
"TB",2009,149,2009-05-29,1,493.511
"TB",2009,160,2009-06-09,1,493.519
"TB",2009,173,2009-06-22,1,493.461
"TB",2009,187,2009-07-06,1,493.401
"TB",2009,202,2009-07-21,1,493.351
"TB",2009,217,2009-08-05,1,493.341
"TB",2009,229,2009-08-17,1,493.301
"TB",2009,245,2009-09-02,1,493.338
"TB",2009,258,2009-09-15,1,493.281
"TB",2009,271,2009-09-28,1,493.271
"TB",2009,285,2009-10-12,1,493.311
"TB",2009,300,2009-10-27,1,493.361
"TB",2009,320,2009-11-16,1,493.341
"TB",2010,103,2010-04-13,1,493.352
"TB",2010,116,2010-04-26,1,493.333
"TB",2010,131,2010-05-11,1,493.342
"TB",2010,145,2010-05-25,1,493.309
"TB",2010,161,2010-06-10,1,493.322
"TB",2010,174,2010-06-23,1,493.387
"TB",2010,188,2010-07-07,1,493.484
"TB",2010,203,2010-07-22,1,493.487
"TB",2010,215,2010-08-03,1,493.529
"TB",2010,228,2010-08-16,1,493.554
"TB",2010,244,2010-09-01,1,493.599
"TB",2010,257,2010-09-14,1,493.589
"TB",2010,271,2010-09-28,1,493.734
"TB",2010,284,2010-10-11,1,493.704
"TB",2010,299,2010-10-26,1,493.734
"TB",2010,319,2010-11-15,1,493.734
"TB",2011,123,2011-05-03,1,493.767
"TB",2011,138,2011-05-18,1,493.749
"TB",2011,152,2011-06-01,1,493.749
"TB",2011,165,2011-06-14,1,493.684
"TB",2011,178,2011-06-27,1,493.714
"TB",2011,194,2011-07-13,1,493.659
"TB",2011,206,2011-07-25,1,493.699
"TB",2011,221,2011-08-09,1,493.734
"TB",2011,235,2011-08-23,1,493.664
"TB",2011,252,2011-09-09,1,493.599
"TB",2011,263,2011-09-20,1,493.559
"TB",2011,276,2011-10-03,1,493.556
"TB",2011,291,2011-10-18,1,493.542
"TB",2011,305,2011-11-01,1,493.541
"TB",2011,315,2011-11-11,1,493.535
"TB",2012,93,2012-04-02,1,493.654
"TB",2012,107,2012-04-16,1,493.637
"TB",2012,123,2012-05-02,1,493.657
"TB",2012,136,2012-05-15,1,493.694
"TB",2012,151,2012-05-30,1,493.684
"TB",2012,163,2012-06-11,1,493.613
"TB",2012,178,2012-06-26,1,493.677
"TB",2012,193,2012-07-11,1,493.610
"TB",2012,205,2012-07-23,1,493.537
"TB",2012,222,2012-08-09,1,493.532
"TB",2012,234,2012-08-21,1,493.504
"TB",2012,251,2012-09-07,1,493.449
"TB",2012,263,2012-09-19,1,493.437
"TB",2012,276,2012-10-02,1,493.387
"TB",2012,290,2012-10-16,1,493.350
"TB",2012,304,2012-10-30,1,493.428
"TB",2012,310,2012-11-05,1,493.411
"TB",2013,133,2013-05-13,1,493.742
"TB",2013,164,2013-06-13,1,493.733
"TB",2013,176,2013-06-25,1,493.727
"TB",2013,191,2013-07-10,1,493.768
"TB",2013,218,2013-08-06,1,493.652
"TB",2013,234,2013-08-22,1,493.582
"TB",2013,247,2013-09-04,1,493.630
"TB",2013,273,2013-09-30,1,493.573
"TB",2013,302,2013-10-29,1,493.664
"TB",2013,312,2013-11-08,1,493.682
"TB",2014,141,2014-05-21,1,493.797
"TB",2014,154,2014-06-03,1,493.782
"TB",2014,167,2014-06-16,1,493.740
"TB",2014,181,2014-06-30,1,493.749
"TB",2014,197,2014-07-16,1,493.709
"TB",2014,210,2014-07-29,1,493.660
"TB",2014,223,2014-08-11,1,493.599
"TB",2014,237,2014-08-25,1,493.611
"TB",2014,252,2014-09-09,1,493.682
"TB",2014,266,2014-09-23,1,493.654
"TB",2014,279,2014-10-06,1,493.660
"TB",2014,293,2014-10-20,1,493.700
"TB",2014,311,2014-11-07,1,493.709
"TB",2015,111,2015-04-21,1,493.790
"TB",2015,124,2015-05-04,1,493.747
"TB",2015,141,2015-05-21,1,493.738
"TB",2015,168,2015-06-17,1,493.790
"TB",2015,182,2015-07-01,1,493.750
"TB",2015,196,2015-07-15,1,493.732
"TB",2015,209,2015-07-28,1,493.704
"TB",2015,223,2015-08-11,1,493.680
"TB",2015,237,2015-08-25,1,493.646
"TB",2015,253,2015-09-10,1,493.631
"TB",2015,265,2015-09-22,1,493.595
"TB",2015,278,2015-10-05,1,493.549
"TB",2015,293,2015-10-20,1,493.543
"TB",2015,321,2015-11-17,1,493.659
