lakeid,year4,daynum,sampledate,rep,sta,depth,chlor,phaeo,flagchlor,flagphaeo
"CB",2005,12,2005-01-12,1,1,0.00,242.3,55.4,,
"CB",2005,12,2005-01-12,1,1,1.00,51.2,20.1,,
"CB",2005,12,2005-01-12,1,1,2.00,33.9,11.9,,
"CB",2005,12,2005-01-12,2,1,2.00,37.2,11.9,,
"CB",2005,59,2005-02-28,1,1,0.00,8.8,-1.3,,"K"
"CB",2005,59,2005-02-28,1,1,1.00,11.2,8.1,,
"CB",2005,59,2005-02-28,1,1,2.00,17.1,18.4,,
"CB",2005,59,2005-02-28,2,1,2.00,17.6,15.6,,
"CB",2005,90,2005-03-31,1,1,0.00,34.0,7.5,,"L"
"CB",2005,90,2005-03-31,2,1,0.00,36.1,3.8,,"L"
"CB",2005,90,2005-03-31,1,1,1.00,48.5,-15.3,,"K"
"CB",2005,90,2005-03-31,1,1,2.00,74.4,-26.5,,"K"
"CB",2005,108,2005-04-18,1,1,0.00,14.0,2.5,,
"CB",2005,108,2005-04-18,1,1,1.00,17.6,2.9,,
"CB",2005,108,2005-04-18,1,1,2.00,21.6,5.1,"L","L"
"CB",2005,108,2005-04-18,2,1,2.00,13.6,2.4,"L","L"
"CB",2005,124,2005-05-04,1,1,0.00,11.7,3.0,,"L"
"CB",2005,124,2005-05-04,2,1,0.00,13.2,-0.7,,"L"
"CB",2005,124,2005-05-04,1,1,1.00,18.3,2.2,,
"CB",2005,124,2005-05-04,1,1,2.00,10.3,3.9,,
"CB",2005,137,2005-05-17,1,1,0.00,12.2,3.9,,
"CB",2005,137,2005-05-17,1,1,1.00,25.7,-1.4,,"K"
"CB",2005,137,2005-05-17,1,1,2.00,17.8,5.3,,"L"
"CB",2005,137,2005-05-17,2,1,2.00,21.2,-0.3,,"L"
"CB",2005,153,2005-06-02,1,1,0.00,2.0,1.4,,
"CB",2005,153,2005-06-02,2,1,0.00,2.9,1.4,,
"CB",2005,153,2005-06-02,1,1,1.00,10.3,6.7,,
"CB",2005,153,2005-06-02,1,1,2.00,13.2,19.5,,
"CB",2005,166,2005-06-15,1,1,0.00,3.4,2.3,,
"CB",2005,166,2005-06-15,1,1,1.00,17.2,1.7,,
"CB",2005,166,2005-06-15,1,1,2.00,34.1,16.7,,
"CB",2005,166,2005-06-15,2,1,2.00,32.5,16.7,,
"CB",2005,180,2005-06-29,1,1,0.00,11.6,2.3,"L",
"CB",2005,180,2005-06-29,2,1,0.00,15.2,1.4,"L",
"CB",2005,180,2005-06-29,1,1,1.00,30.0,1.2,,
"CB",2005,180,2005-06-29,1,1,2.00,42.0,14.9,,
"CB",2005,194,2005-07-13,1,1,0.00,5.1,1.0,,
"CB",2005,194,2005-07-13,1,1,1.00,39.2,4.0,,
"CB",2005,194,2005-07-13,1,1,2.00,17.7,11.8,"L",
"CB",2005,194,2005-07-13,2,1,2.00,11.5,9.9,"L",
"CB",2005,208,2005-07-27,1,1,0.00,33.4,12.8,,
"CB",2005,208,2005-07-27,1,1,1.00,24.9,8.3,,
"CB",2005,208,2005-07-27,1,1,2.00,690.2,4.0,"L","L"
"CB",2005,208,2005-07-27,2,1,2.00,502.7,-22.9,"L","KL"
"CB",2005,221,2005-08-09,1,1,0.00,18.0,2.0,"L","L"
"CB",2005,221,2005-08-09,2,1,0.00,23.2,0.9,"L","L"
"CB",2005,221,2005-08-09,1,1,1.00,20.6,2.5,,
"CB",2005,221,2005-08-09,1,1,2.00,233.8,6.7,,
"CB",2005,234,2005-08-22,1,1,0.00,37.4,-0.6,,
"CB",2005,234,2005-08-22,1,1,1.00,46.2,0.6,,
"CB",2005,234,2005-08-22,2,1,1.00,43.3,0.6,,
"CB",2005,234,2005-08-22,1,1,2.00,626.1,-38.6,,"K"
"CB",2005,250,2005-09-07,1,1,0.00,6.2,2.8,"L","L"
"CB",2005,250,2005-09-07,2,1,0.00,4.3,6.8,"L","L"
"CB",2005,250,2005-09-07,1,1,1.00,13.2,14.4,,
"CB",2005,250,2005-09-07,1,1,2.00,100.6,107.3,,
"CB",2005,263,2005-09-20,1,1,0.00,2.3,2.2,,
"CB",2005,263,2005-09-20,1,1,1.00,25.0,-6.7,"LO","KLO"
"CB",2005,263,2005-09-20,2,1,1.00,20.0,-0.3,"L","L"
"CB",2005,263,2005-09-20,1,1,2.00,26.1,-9.2,,"K"
"CB",2005,279,2005-10-06,1,1,0.00,20.6,-1.9,,"KL"
"CB",2005,279,2005-10-06,2,1,0.00,17.4,2.9,,"L"
"CB",2005,279,2005-10-06,1,1,1.00,20.2,-4.3,,"K"
"CB",2005,279,2005-10-06,1,1,2.00,3.3,2.6,,
"CB",2005,292,2005-10-19,1,1,0.00,23.1,2.1,,"L"
"CB",2005,292,2005-10-19,2,1,0.00,19.4,-5.3,,"KL"
"CB",2005,292,2005-10-19,1,1,1.00,26.0,-1.3,,"K"
"CB",2005,292,2005-10-19,1,1,2.00,16.1,7.6,,
"CB",2005,312,2005-11-08,1,1,0.00,50.1,5.2,,
"CB",2005,312,2005-11-08,1,1,1.00,42.3,4.0,,
"CB",2005,312,2005-11-08,1,1,2.00,20.6,1.7,,"L"
"CB",2005,312,2005-11-08,2,1,2.00,23.7,5.3,,"L"
"CB",2006,12,2006-01-12,1,1,0.00,169.6,-19.3,,
"CB",2006,12,2006-01-12,1,1,1.00,9.2,1.2,,
"CB",2006,12,2006-01-12,1,1,2.00,5.0,9.1,"L",
"CB",2006,12,2006-01-12,2,1,2.00,3.9,10.9,"L",
"CB",2006,54,2006-02-23,1,1,0.00,8.7,4.1,,
"CB",2006,54,2006-02-23,1,1,1.00,8.5,3.8,,
"CB",2006,54,2006-02-23,1,1,2.00,9.8,10.6,,
"CB",2006,54,2006-02-23,2,1,2.00,12.4,8.0,,
"CB",2006,86,2006-03-27,1,1,0.00,14.9,4.0,"L","L"
"CB",2006,86,2006-03-27,2,1,0.00,19.5,-3.4,"L","KL"
"CB",2006,86,2006-03-27,1,1,1.00,9.8,4.6,,
"CB",2006,86,2006-03-27,1,1,2.00,34.9,11.7,,
"CB",2006,108,2006-04-18,1,1,0.00,7.4,-1.2,"J","JK"
"CB",2006,108,2006-04-18,2,1,0.00,6.6,-1.3,"J","JK"
"CB",2006,108,2006-04-18,1,1,1.00,15.9,1.8,"J","J"
"CB",2006,108,2006-04-18,1,1,2.00,82.9,-42.9,,
"CB",2006,123,2006-05-03,1,1,0.00,7.1,2.5,,
"CB",2006,123,2006-05-03,1,1,1.00,13.7,-0.9,,
"CB",2006,123,2006-05-03,1,1,2.00,74.8,-26.0,,"K"
"CB",2006,123,2006-05-03,2,1,2.00,64.1,-20.3,,"K"
"CB",2006,137,2006-05-17,1,1,0.00,3.2,2.2,,
"CB",2006,137,2006-05-17,1,1,1.00,5.6,32.6,,
"CB",2006,137,2006-05-17,1,1,2.00,11.3,11.3,"LO","LO"
"CB",2006,137,2006-05-17,2,1,2.00,17.0,5.7,"LO","LO"
"CB",2006,152,2006-06-01,1,1,0.00,14.5,-1.5,,"K"
"CB",2006,152,2006-06-01,1,1,1.00,23.0,3.4,,
"CB",2006,152,2006-06-01,1,1,2.00,67.2,5.8,"L","L"
"CB",2006,152,2006-06-01,2,1,2.00,249.3,-53.0,"L","KL"
"CB",2006,164,2006-06-13,1,1,0.00,97.5,-7.9,"L","KL"
"CB",2006,164,2006-06-13,2,1,0.00,4.9,0.6,"L","L"
"CB",2006,164,2006-06-13,1,1,1.00,90.1,-16.5,,"K"
"CB",2006,164,2006-06-13,1,1,2.00,167.0,-9.6,,"K"
"CB",2006,179,2006-06-28,1,1,0.00,27.8,-1.3,,"K"
"CB",2006,179,2006-06-28,1,1,1.00,49.1,-4.6,,"LK"
"CB",2006,179,2006-06-28,2,1,1.00,53.2,-9.8,,"LK"
"CB",2006,179,2006-06-28,1,1,2.00,179.3,-37.8,,"K"
"CB",2006,193,2006-07-12,1,1,0.00,7.4,0.7,"L",
"CB",2006,193,2006-07-12,2,1,0.00,3.9,0.8,"L",
"CB",2006,193,2006-07-12,1,1,1.00,23.8,5.9,,
"CB",2006,193,2006-07-12,1,1,2.00,167.1,9.8,,
"CB",2006,207,2006-07-26,1,1,0.00,25.8,1.0,,
"CB",2006,207,2006-07-26,1,1,1.00,25.4,-0.3,"L","L"
"CB",2006,207,2006-07-26,2,1,1.00,18.9,4.1,"L","L"
"CB",2006,207,2006-07-26,1,1,2.00,362.9,1.1,,
"CB",2006,219,2006-08-07,1,1,0.00,8.2,2.1,,
"CB",2006,219,2006-08-07,2,1,0.00,6.7,2.0,,
"CB",2006,219,2006-08-07,1,1,1.00,37.8,-0.6,,
"CB",2006,219,2006-08-07,1,1,2.00,550.6,-119.0,,"K"
"CB",2006,234,2006-08-22,1,1,0.00,32.2,4.8,,
"CB",2006,234,2006-08-22,1,1,1.00,36.7,0.7,,
"CB",2006,234,2006-08-22,1,1,2.00,237.0,-62.3,"L","KL"
"CB",2006,234,2006-08-22,2,1,2.00,146.1,29.5,"L","L"
"CB",2006,250,2006-09-07,1,1,0.00,4.7,1.7,"L","L"
"CB",2006,250,2006-09-07,2,1,0.00,7.5,0.1,"L","L"
"CB",2006,250,2006-09-07,1,1,1.00,12.2,-1.0,,"K"
"CB",2006,250,2006-09-07,1,1,2.00,254.7,-16.1,,"K"
"CB",2006,261,2006-09-18,1,1,1.00,17.5,4.8,,
"CB",2006,261,2006-09-18,2,1,1.00,15.9,2.4,,
"CB",2006,261,2006-09-18,1,1,2.00,2.1,1.4,,
"CB",2006,276,2006-10-03,1,1,0.00,6.8,1.6,"L","L"
"CB",2006,276,2006-10-03,2,1,0.00,8.8,-0.4,"L","L"
"CB",2006,276,2006-10-03,1,1,1.00,6.0,1.4,,
"CB",2006,276,2006-10-03,1,1,2.00,6.2,1.9,,
"CB",2006,291,2006-10-18,1,1,0.00,4.4,2.8,,
"CB",2006,291,2006-10-18,2,1,0.00,5.7,1.2,,
"CB",2006,291,2006-10-18,1,1,1.00,3.0,4.6,,
"CB",2006,291,2006-10-18,1,1,2.00,2.5,3.6,,
"CB",2006,299,2006-10-26,1,1,0.00,5.0,3.3,,
"CB",2006,299,2006-10-26,2,1,0.00,4.2,2.9,,
"CB",2006,299,2006-10-26,1,1,1.00,4.9,1.6,,
"CB",2006,299,2006-10-26,1,1,2.00,3.8,4.2,,
"CB",2007,22,2007-01-22,1,1,0.00,108.7,15.0,,
"CB",2007,22,2007-01-22,1,1,1.00,18.2,10.2,,
"CB",2007,22,2007-01-22,1,1,2.00,47.3,6.4,"L","L"
"CB",2007,22,2007-01-22,2,1,2.00,31.9,9.5,"L","L"
"CB",2007,52,2007-02-21,1,1,0.00,40.2,8.3,,
"CB",2007,52,2007-02-21,1,1,1.00,69.7,14.2,,
"CB",2007,52,2007-02-21,1,1,2.00,32.0,6.2,,"L"
"CB",2007,52,2007-02-21,2,1,2.00,38.6,2.1,,"L"
"CB",2007,113,2007-04-23,1,1,0.00,19.3,-0.1,"L","L"
"CB",2007,113,2007-04-23,2,1,0.00,12.2,4.2,"L","L"
"CB",2007,113,2007-04-23,1,1,1.00,58.1,-13.5,,"K"
"CB",2007,113,2007-04-23,1,1,2.00,19.5,8.2,,
"CB",2007,128,2007-05-08,1,1,0.00,8.6,3.1,,
"CB",2007,128,2007-05-08,2,1,0.00,7.9,3.6,,
"CB",2007,128,2007-05-08,1,1,1.00,8.2,4.6,,
"CB",2007,128,2007-05-08,1,1,2.00,12.9,12.8,,
"CB",2007,143,2007-05-23,1,1,0.00,3.0,0.7,,
"CB",2007,143,2007-05-23,2,1,0.00,2.8,1.0,,
"CB",2007,143,2007-05-23,1,1,1.00,13.1,-1.0,,
"CB",2007,143,2007-05-23,1,1,2.00,16.0,14.3,,
"CB",2007,156,2007-06-05,1,1,0.00,3.4,1.9,,
"CB",2007,156,2007-06-05,1,1,1.00,9.8,3.5,"L","L"
"CB",2007,156,2007-06-05,2,1,1.00,6.5,1.3,"L","L"
"CB",2007,156,2007-06-05,1,1,2.00,8.8,1.7,,
"CB",2007,169,2007-06-18,1,1,0.00,4.4,0.4,,
"CB",2007,169,2007-06-18,1,1,1.00,15.4,1.5,,
"CB",2007,169,2007-06-18,1,1,2.00,6.5,1.9,"LO","LO"
"CB",2007,169,2007-06-18,2,1,2.00,1.4,7.8,"LO","LO"
"CB",2007,184,2007-07-03,1,1,0.00,9.1,-1.0,"J","JK"
"CB",2007,184,2007-07-03,2,1,0.00,3.3,2.4,"J","J"
"CB",2007,184,2007-07-03,1,1,1.00,20.4,6.0,"J","J"
"CB",2007,184,2007-07-03,1,1,2.00,97.3,8.8,"J","J"
"CB",2007,199,2007-07-18,1,1,0.00,24.4,-2.9,"L","KL"
"CB",2007,199,2007-07-18,2,1,0.00,13.2,4.7,"L","L"
"CB",2007,199,2007-07-18,1,1,1.00,7.7,4.7,,
"CB",2007,199,2007-07-18,1,1,2.00,10.7,10.3,,
"CB",2007,212,2007-07-31,1,1,0.00,1.2,1.8,,
"CB",2007,212,2007-07-31,1,1,1.00,4.8,1.9,"L",
"CB",2007,212,2007-07-31,2,1,1.00,7.6,1.7,"L",
"CB",2007,212,2007-07-31,1,1,2.00,88.0,28.9,,
"CB",2007,226,2007-08-14,1,1,0.00,9.6,1.2,"L",
"CB",2007,226,2007-08-14,2,1,0.00,7.4,1.8,"L",
"CB",2007,226,2007-08-14,1,1,1.00,13.0,3.7,,
"CB",2007,226,2007-08-14,1,1,2.00,50.8,25.0,,
"CB",2007,240,2007-08-28,1,1,0.00,3.2,0.7,,
"CB",2007,240,2007-08-28,1,1,1.00,32.6,-8.4,,"K"
"CB",2007,240,2007-08-28,1,1,2.00,48.1,-7.7,,"KL"
"CB",2007,240,2007-08-28,2,1,2.00,54.0,-3.3,,"KL"
"CB",2007,253,2007-09-10,1,1,0.00,21.6,7.1,,"L"
"CB",2007,253,2007-09-10,2,1,0.00,25.1,1.4,,"L"
"CB",2007,253,2007-09-10,1,1,1.00,34.1,-5.4,,"K"
"CB",2007,253,2007-09-10,1,1,2.00,8.3,2.4,,
"CB",2007,269,2007-09-26,1,1,0.00,8.5,4.0,,
"CB",2007,269,2007-09-26,2,1,0.00,8.8,2.4,,
"CB",2007,269,2007-09-26,1,1,1.00,27.4,5.1,,
"CB",2007,269,2007-09-26,1,1,2.00,4.0,11.1,,
"CB",2007,283,2007-10-10,1,1,0.00,11.0,7.7,,
"CB",2007,283,2007-10-10,2,1,0.00,12.7,9.3,,
"CB",2007,283,2007-10-10,1,1,1.00,21.9,-2.0,,"K"
"CB",2007,283,2007-10-10,1,1,2.00,16.8,4.3,,
"CB",2007,296,2007-10-23,1,1,0.00,44.7,4.5,,
"CB",2007,296,2007-10-23,1,1,1.00,57.2,-8.8,"L","KL"
"CB",2007,296,2007-10-23,2,1,1.00,47.8,2.8,"L","L"
"CB",2007,296,2007-10-23,1,1,2.00,36.1,2.9,,
"CB",2007,312,2007-11-08,1,1,0.00,36.4,9.3,"G","G"
"CB",2007,312,2007-11-08,1,1,1.00,43.6,7.2,"G","G"
"CB",2007,312,2007-11-08,1,1,2.00,48.0,13.3,"G","GL"
"CB",2007,312,2007-11-08,2,1,2.00,47.0,9.7,"G","GL"
"CB",2008,28,2008-01-28,1,1,0.00,8.0,12.8,"GL","GL"
"CB",2008,28,2008-01-28,2,1,0.00,13.1,9.2,"GL","GL"
"CB",2008,28,2008-01-28,1,1,1.00,4.4,13.9,"G","G"
"CB",2008,28,2008-01-28,1,1,2.00,5.0,18.0,"G","G"
"CB",2008,56,2008-02-25,1,1,0.00,21.3,5.4,,
"CB",2008,56,2008-02-25,1,1,1.00,5.3,10.6,,
"CB",2008,56,2008-02-25,1,1,2.00,8.8,17.6,"L",
"CB",2008,56,2008-02-25,2,1,2.00,5.8,20.9,"L",
"CB",2008,84,2008-03-24,1,1,0.00,17.1,8.5,"L","L"
"CB",2008,84,2008-03-24,2,1,0.00,21.8,1.7,"L","L"
"CB",2008,84,2008-03-24,1,1,1.00,21.0,13.2,,
"CB",2008,84,2008-03-24,1,1,2.00,22.7,19.2,,
"CB",2008,127,2008-05-06,1,1,0.00,11.7,5.6,,
"CB",2008,127,2008-05-06,2,1,0.00,13.0,6.9,,
"CB",2008,127,2008-05-06,1,1,1.00,25.8,12.0,,
"CB",2008,127,2008-05-06,1,1,2.00,8.5,10.3,,
"CB",2008,141,2008-05-20,1,1,0.00,8.4,10.9,"L","L"
"CB",2008,141,2008-05-20,2,1,0.00,11.1,8.5,"L","L"
"CB",2008,141,2008-05-20,1,1,1.00,20.7,16.3,,
"CB",2008,141,2008-05-20,1,1,2.00,23.7,30.0,,
"CB",2008,157,2008-06-05,1,1,0.00,18.7,9.2,,
"CB",2008,157,2008-06-05,1,1,1.00,14.1,-0.6,,
"CB",2008,157,2008-06-05,1,1,2.00,16.3,8.4,,
"CB",2008,172,2008-06-20,1,1,0.00,29.6,-21.4,,"K"
"CB",2008,172,2008-06-20,1,1,1.00,10.1,10.0,,
"CB",2008,172,2008-06-20,1,1,2.00,146.2,20.4,"KL","L"
"CB",2008,172,2008-06-20,2,1,2.00,21.8,4.5,"L","L"
"CB",2008,184,2008-07-02,1,1,0.00,19.5,0.6,,
"CB",2008,184,2008-07-02,1,1,1.00,23.5,2.0,,
"CB",2008,184,2008-07-02,1,1,2.00,133.9,1.2,"L","L"
"CB",2008,184,2008-07-02,2,1,2.00,154.1,113.5,"L","L"
"CB",2008,211,2008-07-29,1,1,0.00,7.2,2.8,"L","L"
"CB",2008,211,2008-07-29,2,1,0.00,9.7,5.1,"L","L"
"CB",2008,211,2008-07-29,1,1,1.00,22.5,5.1,,
"CB",2008,211,2008-07-29,1,1,2.00,257.3,13.5,,
"CB",2008,228,2008-08-15,1,1,0.00,4.6,2.3,,
"CB",2008,228,2008-08-15,1,1,1.00,4.9,3.6,,
"CB",2008,228,2008-08-15,2,1,1.00,4.5,3.0,,
"CB",2008,228,2008-08-15,1,1,2.00,424.1,42.0,"L",
"CB",2008,228,2008-08-15,2,1,2.00,648.3,42.1,"L",
"CB",2008,240,2008-08-27,1,1,0.00,10.8,1.4,,"L"
"CB",2008,240,2008-08-27,2,1,0.00,10.0,7.0,,"L"
"CB",2008,240,2008-08-27,1,1,1.00,7.4,5.0,,
"CB",2008,240,2008-08-27,1,1,2.00,1121.0,-289.4,,"K"
"CB",2008,253,2008-09-09,1,1,0.00,15.6,4.4,,
"CB",2008,253,2008-09-09,2,1,0.00,14.5,4.6,,
"CB",2008,253,2008-09-09,1,1,1.00,26.1,7.8,,
"CB",2008,253,2008-09-09,1,1,2.00,88.9,12.1,,
"CB",2008,269,2008-09-25,1,1,0.00,18.9,3.6,,
"CB",2008,269,2008-09-25,2,1,0.00,18.9,5.1,,
"CB",2008,269,2008-09-25,1,1,1.00,29.1,-4.5,,"K"
"CB",2008,269,2008-09-25,1,1,2.00,37.4,0.1,,
"CB",2008,281,2008-10-07,1,1,0.00,33.6,15.9,,
"CB",2008,281,2008-10-07,2,1,0.00,36.8,14.8,,
"CB",2008,281,2008-10-07,1,1,1.00,23.7,-2.0,,"K"
"CB",2008,281,2008-10-07,1,1,2.00,8.5,8.1,,
"CB",2008,296,2008-10-22,1,1,0.00,12.1,6.8,,
"CB",2008,296,2008-10-22,2,1,0.00,12.8,6.7,,
"CB",2008,296,2008-10-22,1,1,1.00,21.4,-0.8,,
"CB",2008,296,2008-10-22,1,1,2.00,14.9,4.4,,
"CB",2008,311,2008-11-06,1,1,0.00,19.9,8.1,,
"CB",2008,311,2008-11-06,2,1,0.00,21.4,9.6,,
"CB",2008,311,2008-11-06,1,1,1.00,24.5,9.1,,
"CB",2008,311,2008-11-06,1,1,2.00,10.7,7.6,,
"CB",2009,22,2009-01-22,1,1,0.00,2.8,3.3,,
"CB",2009,22,2009-01-22,2,1,0.00,2.0,4.4,,
"CB",2009,22,2009-01-22,1,1,1.00,8.0,4.5,,
"CB",2009,22,2009-01-22,1,1,2.00,15.0,9.6,,
"CB",2009,48,2009-02-17,1,1,0.00,0.6,3.7,,
"CB",2009,48,2009-02-17,1,1,1.00,29.2,6.8,,
"CB",2009,48,2009-02-17,1,1,2.00,60.4,-14.2,"L","KL"
"CB",2009,48,2009-02-17,2,1,2.00,42.9,12.5,"L","L"
"CB",2009,77,2009-03-18,1,1,0.00,5.4,3.2,,
"CB",2009,77,2009-03-18,1,1,1.00,29.9,6.7,"L","L"
"CB",2009,77,2009-03-18,2,1,1.00,39.1,-6.5,"L","KL"
"CB",2009,77,2009-03-18,1,1,2.00,131.8,-13.6,,"K"
"CB",2009,117,2009-04-27,1,1,0.00,14.8,8.2,,
"CB",2009,117,2009-04-27,2,1,0.00,16.0,7.2,,
"CB",2009,117,2009-04-27,1,1,1.00,18.6,10.2,,
"CB",2009,117,2009-04-27,1,1,2.00,13.8,8.0,,
"CB",2009,132,2009-05-12,1,1,0.00,15.7,-1.3,,"K"
"CB",2009,132,2009-05-12,1,1,1.00,26.1,10.3,,
"CB",2009,132,2009-05-12,2,1,1.00,22.5,13.3,,
"CB",2009,132,2009-05-12,1,1,2.00,18.7,3.0,,
"CB",2009,147,2009-05-27,1,1,0.00,5.4,40.7,,
"CB",2009,147,2009-05-27,1,1,1.00,27.9,4.3,,
"CB",2009,147,2009-05-27,1,1,2.00,334.1,-117.4,"L","KL"
"CB",2009,147,2009-05-27,2,1,2.00,154.9,0.6,"L","L"
"CB",2009,160,2009-06-09,1,1,0.00,1.0,7.9,"J","J"
"CB",2009,160,2009-06-09,1,1,1.00,17.2,0.1,"J","J"
"CB",2009,160,2009-06-09,1,1,2.00,128.3,-31.1,"J","JK"
"CB",2009,160,2009-06-09,2,1,2.00,122.2,-37.8,"J","JK"
"CB",2009,174,2009-06-23,1,1,0.00,2.9,2.3,,
"CB",2009,174,2009-06-23,2,1,0.00,3.2,2.0,,
"CB",2009,174,2009-06-23,1,1,1.00,33.3,15.7,,
"CB",2009,174,2009-06-23,1,1,2.00,158.9,4.4,,
"CB",2009,189,2009-07-08,1,1,0.00,2.9,2.9,,
"CB",2009,189,2009-07-08,1,1,1.00,20.3,13.8,,
"CB",2009,189,2009-07-08,1,1,2.00,369.4,-71.7,,"KL"
"CB",2009,189,2009-07-08,2,1,2.00,341.2,-47.2,,"KL"
"CB",2009,203,2009-07-22,1,1,0.00,2.5,4.6,"LO","LO"
"CB",2009,203,2009-07-22,2,1,0.00,0.7,6.2,"LO","LO"
"CB",2009,203,2009-07-22,1,1,1.00,17.5,-1.9,,"K"
"CB",2009,203,2009-07-22,1,1,2.00,252.6,2.4,,
"CB",2009,215,2009-08-03,1,1,0.00,1.9,2.0,,
"CB",2009,215,2009-08-03,1,1,1.00,21.9,4.3,,"L"
"CB",2009,215,2009-08-03,2,1,1.00,18.3,6.8,,"L"
"CB",2009,215,2009-08-03,1,1,2.00,46.4,4.7,,
"CB",2009,230,2009-08-18,1,1,0.00,4.4,3.7,,
"CB",2009,230,2009-08-18,1,1,1.00,53.3,20.1,,
"CB",2009,230,2009-08-18,1,1,2.00,605.1,68.2,,"L"
"CB",2009,230,2009-08-18,2,1,2.00,560.1,9.6,,"L"
"CB",2009,245,2009-09-02,1,1,0.00,13.6,-6.8,"OJ","OJ"
"CB",2009,245,2009-09-02,2,1,0.00,13.6,-6.8,"OJ","OJ"
"CB",2009,245,2009-09-02,1,1,1.00,16.6,-7.7,"OJ","OJ"
"CB",2009,245,2009-09-02,1,1,2.00,174.0,-106.5,"OJ","OJ"
"CB",2009,259,2009-09-16,1,1,0.00,9.7,-5.7,"OJ","OJ"
"CB",2009,259,2009-09-16,1,1,1.00,15.8,-9.2,"OJ","OJ"
"CB",2009,259,2009-09-16,1,1,2.00,247.4,-161.1,"OJ","OJ"
"CB",2009,259,2009-09-16,2,1,2.00,234.0,-132.2,"OJ","OJ"
"CB",2009,271,2009-09-28,1,1,0.00,18.3,6.9,,
"CB",2009,271,2009-09-28,1,1,1.00,20.1,6.1,,
"CB",2009,271,2009-09-28,2,1,1.00,17.8,7.5,,
"CB",2009,271,2009-09-28,1,1,2.00,18.8,6.0,,
"CB",2009,286,2009-10-13,1,1,0.00,7.2,5.2,"L","L"
"CB",2009,286,2009-10-13,2,1,0.00,9.5,0.8,"L","L"
"CB",2009,286,2009-10-13,1,1,1.00,9.0,3.8,,
"CB",2009,286,2009-10-13,1,1,2.00,10.6,3.3,,
"CB",2009,301,2009-10-28,1,1,0.00,10.5,4.8,"L","L"
"CB",2009,301,2009-10-28,2,1,0.00,13.5,1.6,"L","L"
"CB",2009,301,2009-10-28,1,1,1.00,13.1,3.2,,
"CB",2009,301,2009-10-28,1,1,2.00,9.6,3.8,,
"CB",2009,313,2009-11-09,1,1,0.00,8.1,4.2,"L","L"
"CB",2009,313,2009-11-09,2,1,0.00,11.5,-0.5,"L","L"
"CB",2009,313,2009-11-09,1,1,1.00,7.1,5.4,,
"CB",2009,313,2009-11-09,1,1,2.00,15.2,4.4,,
"TB",2005,20,2005-01-20,1,1,0.00,304.2,-98.8,,"K"
"TB",2005,20,2005-01-20,1,1,2.00,2.5,4.5,,
"TB",2005,20,2005-01-20,1,1,3.00,1.2,4.3,,
"TB",2005,20,2005-01-20,2,1,3.00,1.6,3.8,,
"TB",2005,20,2005-01-20,1,1,5.00,1.1,4.1,,
"TB",2005,20,2005-01-20,1,1,7.00,2.6,7.4,,
"TB",2005,46,2005-02-15,1,1,0.00,139.4,-5.7,,"K"
"TB",2005,46,2005-02-15,1,1,2.00,1.6,3.6,,
"TB",2005,46,2005-02-15,1,1,3.00,8.2,-4.9,"L","KL"
"TB",2005,46,2005-02-15,2,1,3.00,0.8,3.3,"L","L"
"TB",2005,46,2005-02-15,1,1,5.00,1.8,1.8,,
"TB",2005,46,2005-02-15,1,1,7.00,2.8,7.8,,
"TB",2005,90,2005-03-31,1,1,0.00,1.4,2.5,,
"TB",2005,90,2005-03-31,1,1,2.00,2.8,1.0,,
"TB",2005,90,2005-03-31,1,1,3.00,2.0,1.9,,
"TB",2005,90,2005-03-31,2,1,3.00,1.9,2.2,,
"TB",2005,90,2005-03-31,1,1,5.00,1.1,3.5,,
"TB",2005,90,2005-03-31,1,1,7.00,2.6,2.2,,
"TB",2005,108,2005-04-18,1,1,0.00,5.6,0.3,,
"TB",2005,108,2005-04-18,2,1,0.00,5.7,0.2,,
"TB",2005,108,2005-04-18,1,1,2.00,22.6,-0.4,,
"TB",2005,108,2005-04-18,1,1,3.00,3.5,2.2,,
"TB",2005,108,2005-04-18,1,1,5.00,3.4,2.9,,
"TB",2005,108,2005-04-18,1,1,7.00,2.0,6.9,,
"TB",2005,124,2005-05-04,1,1,0.00,13.1,4.0,,
"TB",2005,124,2005-05-04,1,1,2.00,19.8,-2.4,,"K"
"TB",2005,124,2005-05-04,1,1,3.00,9.6,-0.8,,
"TB",2005,124,2005-05-04,1,1,5.00,7.4,1.2,,"L"
"TB",2005,124,2005-05-04,2,1,5.00,6.3,2.3,,"L"
"TB",2005,124,2005-05-04,1,1,7.00,8.4,7.7,,
"TB",2005,138,2005-05-18,1,1,0.00,7.6,5.9,,
"TB",2005,138,2005-05-18,1,1,2.00,66.5,-43.3,,"K"
"TB",2005,138,2005-05-18,1,1,3.00,16.3,-2.6,,"K"
"TB",2005,138,2005-05-18,1,1,5.00,7.3,1.7,,
"TB",2005,138,2005-05-18,1,1,7.00,7.0,6.5,,
"TB",2005,152,2005-06-01,1,1,0.00,5.5,1.2,,
"TB",2005,152,2005-06-01,1,1,2.00,43.7,-1.9,,"K"
"TB",2005,152,2005-06-01,1,1,3.00,28.7,0.6,,"L"
"TB",2005,152,2005-06-01,2,1,3.00,28.3,-2.6,,"KL"
"TB",2005,152,2005-06-01,1,1,5.00,12.3,0.7,,
"TB",2005,152,2005-06-01,1,1,7.00,9.0,4.8,,
"TB",2005,167,2005-06-16,1,1,0.00,8.0,2.5,,
"TB",2005,167,2005-06-16,1,1,2.00,109.5,0.8,,"L"
"TB",2005,167,2005-06-16,2,1,2.00,101.3,4.2,,"L"
"TB",2005,167,2005-06-16,1,1,3.00,46.0,-6.4,,"K"
"TB",2005,167,2005-06-16,1,1,5.00,24.0,-1.3,,"K"
"TB",2005,167,2005-06-16,1,1,7.00,9.4,7.7,,
"TB",2005,179,2005-06-28,1,1,0.00,6.3,0.6,,
"TB",2005,179,2005-06-28,1,1,2.00,63.5,-6.2,,"K"
"TB",2005,179,2005-06-28,1,1,3.00,77.9,-14.0,"L","LK"
"TB",2005,179,2005-06-28,2,1,3.00,62.5,11.6,"L","L"
"TB",2005,179,2005-06-28,1,1,5.00,30.5,-2.4,,"K"
"TB",2005,179,2005-06-28,1,1,7.00,3.9,12.6,,
"TB",2005,192,2005-07-11,1,1,0.00,9.3,1.2,"L","L"
"TB",2005,192,2005-07-11,2,1,0.00,5.7,0.2,"L","L"
"TB",2005,192,2005-07-11,1,1,2.00,73.0,12.0,,
"TB",2005,192,2005-07-11,1,1,3.00,128.4,13.5,,
"TB",2005,192,2005-07-11,1,1,5.00,24.3,10.9,,
"TB",2005,192,2005-07-11,1,1,7.00,6.8,10.5,,
"TB",2005,206,2005-07-25,1,1,0.00,3.3,1.4,,
"TB",2005,206,2005-07-25,1,1,2.00,9.6,0.4,,
"TB",2005,206,2005-07-25,1,1,3.00,72.0,16.6,,
"TB",2005,206,2005-07-25,1,1,5.00,25.5,12.4,,
"TB",2005,206,2005-07-25,2,1,5.00,24.2,10.6,,
"TB",2005,206,2005-07-25,1,1,7.00,11.6,17.1,,
"TB",2005,220,2005-08-08,1,1,0.00,5.6,1.9,,
"TB",2005,220,2005-08-08,1,1,2.00,155.5,20.5,,
"TB",2005,220,2005-08-08,2,1,2.00,155.3,20.4,,
"TB",2005,220,2005-08-08,1,1,3.00,47.8,13.3,,
"TB",2005,220,2005-08-08,1,1,5.00,20.6,15.1,,
"TB",2005,220,2005-08-08,1,1,7.00,12.0,18.5,,
"TB",2005,234,2005-08-22,1,1,0.00,15.6,5.2,,"L"
"TB",2005,234,2005-08-22,2,1,0.00,17.9,2.0,,"L"
"TB",2005,234,2005-08-22,1,1,2.00,122.3,-5.4,,"K"
"TB",2005,234,2005-08-22,1,1,3.00,84.4,-29.9,,"K"
"TB",2005,234,2005-08-22,1,1,5.00,26.4,7.4,,
"TB",2005,234,2005-08-22,1,1,7.00,11.3,13.6,,
"TB",2005,251,2005-09-08,1,1,0.00,15.8,3.7,,
"TB",2005,251,2005-09-08,1,1,2.00,153.3,36.0,,
"TB",2005,251,2005-09-08,2,1,2.00,183.9,30.3,,
"TB",2005,251,2005-09-08,1,1,3.00,35.3,35.6,,
"TB",2005,251,2005-09-08,1,1,5.00,18.6,19.4,,
"TB",2005,251,2005-09-08,1,1,7.00,5.1,28.3,,
"TB",2005,265,2005-09-22,1,1,0.00,25.4,-2.0,,"K"
"TB",2005,265,2005-09-22,2,1,0.00,30.4,-11.7,,"K"
"TB",2005,265,2005-09-22,1,1,2.00,153.7,-39.8,,"K"
"TB",2005,265,2005-09-22,1,1,3.00,100.1,-32.0,,"K"
"TB",2005,265,2005-09-22,1,1,5.00,65.5,-29.3,,"K"
"TB",2005,265,2005-09-22,1,1,7.00,19.1,16.9,,
"TB",2005,278,2005-10-05,1,1,0.00,23.8,5.2,,
"TB",2005,278,2005-10-05,1,1,2.00,35.8,2.4,,
"TB",2005,278,2005-10-05,1,1,3.00,106.7,-10.1,,"KL"
"TB",2005,278,2005-10-05,2,1,3.00,122.3,-39.8,,"KL"
"TB",2005,278,2005-10-05,1,1,5.00,31.5,-6.6,,"K"
"TB",2005,278,2005-10-05,1,1,7.00,18.4,10.5,,
"TB",2005,292,2005-10-19,1,1,0.00,44.2,-0.8,,
"TB",2005,292,2005-10-19,1,1,2.00,32.8,-8.5,"L","KL"
"TB",2005,292,2005-10-19,2,1,2.00,23.8,2.9,"L","L"
"TB",2005,292,2005-10-19,1,1,3.00,97.1,3.2,,
"TB",2005,292,2005-10-19,1,1,5.00,41.7,-14.9,,"K"
"TB",2005,292,2005-10-19,1,1,7.00,28.6,-6.6,,"K"
"TB",2005,321,2005-11-17,1,1,0.00,22.7,-0.3,,
"TB",2005,321,2005-11-17,1,1,2.00,28.6,-13.3,,"K"
"TB",2005,321,2005-11-17,1,1,3.00,23.8,-4.1,,"K"
"TB",2005,321,2005-11-17,2,1,3.00,22.1,-4.2,,"K"
"TB",2005,321,2005-11-17,1,1,5.00,21.5,-0.7,,
"TB",2005,321,2005-11-17,1,1,7.00,20.8,-8.2,,"K"
"TB",2006,12,2006-01-12,1,1,0.00,133.0,-14.5,,"K"
"TB",2006,12,2006-01-12,1,1,2.00,1.7,0.7,,
"TB",2006,12,2006-01-12,1,1,3.00,1.3,1.5,,
"TB",2006,12,2006-01-12,2,1,3.00,0.9,2.0,,
"TB",2006,12,2006-01-12,1,1,5.00,1.5,1.6,,
"TB",2006,12,2006-01-12,1,1,7.00,1.5,3.1,,
"TB",2006,53,2006-02-22,1,1,0.00,3.9,-0.2,,
"TB",2006,53,2006-02-22,1,1,2.00,0.9,2.0,,
"TB",2006,53,2006-02-22,1,1,3.00,1.1,2.0,,
"TB",2006,53,2006-02-22,1,1,5.00,1.2,1.8,,
"TB",2006,53,2006-02-22,1,1,7.00,2.4,2.7,,
"TB",2006,53,2006-02-22,2,1,7.00,1.8,3.5,,
"TB",2006,88,2006-03-29,1,1,0.00,7.9,-0.4,,
"TB",2006,88,2006-03-29,1,1,2.00,1.4,1.3,,
"TB",2006,88,2006-03-29,1,1,3.00,0.6,2.8,,
"TB",2006,88,2006-03-29,2,1,3.00,0.9,4.2,,
"TB",2006,88,2006-03-29,1,1,5.00,0.7,2.5,,
"TB",2006,88,2006-03-29,1,1,7.00,2.9,3.9,,
"TB",2006,108,2006-04-18,1,1,0.00,29.6,7.6,"J","J"
"TB",2006,108,2006-04-18,1,1,2.00,10.3,4.5,"J","J"
"TB",2006,108,2006-04-18,1,1,3.00,7.7,0.3,"J","J"
"TB",2006,108,2006-04-18,2,1,3.00,8.2,-2.6,"J","JKL"
"TB",2006,108,2006-04-18,1,1,5.00,4.9,0.4,"J","J"
"TB",2006,108,2006-04-18,1,1,7.00,3.0,2.6,"J","J"
"TB",2006,121,2006-05-01,1,1,0.00,22.1,0.2,,
"TB",2006,121,2006-05-01,1,1,2.00,7.7,2.7,,
"TB",2006,121,2006-05-01,1,1,3.00,10.3,-1.9,,"K"
"TB",2006,121,2006-05-01,1,1,5.00,8.0,-0.5,"L","L"
"TB",2006,121,2006-05-01,2,1,5.00,6.2,3.2,"L","L"
"TB",2006,121,2006-05-01,1,1,7.00,3.0,7.1,,
"TB",2006,138,2006-05-18,1,1,0.00,27.0,-6.2,"L","KL"
"TB",2006,138,2006-05-18,2,1,0.00,10.9,7.0,"L","L"
"TB",2006,138,2006-05-18,1,1,2.00,20.2,2.8,,
"TB",2006,138,2006-05-18,1,1,3.00,11.9,9.2,,
"TB",2006,138,2006-05-18,1,1,5.00,5.7,7.5,,
"TB",2006,138,2006-05-18,1,1,7.00,4.5,6.6,,
"TB",2006,152,2006-06-01,1,1,0.00,9.1,4.1,,
"TB",2006,152,2006-06-01,1,1,2.00,78.0,-27.2,,"K"
"TB",2006,152,2006-06-01,1,1,3.00,47.1,-13.2,,"K"
"TB",2006,152,2006-06-01,1,1,5.00,10.0,-0.5,,
"TB",2006,152,2006-06-01,2,1,5.00,10.1,-2.0,,"K"
"TB",2006,152,2006-06-01,1,1,7.00,3.9,5.7,,
"TB",2006,163,2006-06-12,1,1,0.00,10.5,1.4,,
"TB",2006,163,2006-06-12,1,1,2.00,73.3,-25.4,,"K"
"TB",2006,163,2006-06-12,1,1,3.00,77.8,-36.5,,"K"
"TB",2006,163,2006-06-12,1,1,5.00,8.3,4.1,,
"TB",2006,163,2006-06-12,2,1,5.00,7.1,5.1,,
"TB",2006,163,2006-06-12,1,1,7.00,4.0,8.0,,
"TB",2006,177,2006-06-26,1,1,0.00,7.3,2.1,,
"TB",2006,177,2006-06-26,1,1,2.00,84.5,3.5,,
"TB",2006,177,2006-06-26,1,1,3.00,72.5,-17.9,,"KL"
"TB",2006,177,2006-06-26,2,1,3.00,67.1,-25.8,,"KL"
"TB",2006,177,2006-06-26,1,1,5.00,8.2,4.1,,
"TB",2006,177,2006-06-26,1,1,7.00,7.2,4.4,,
"TB",2006,192,2006-07-11,1,1,0.00,6.0,2.8,,
"TB",2006,192,2006-07-11,2,1,0.00,5.6,2.9,,
"TB",2006,192,2006-07-11,1,1,2.00,118.1,-8.6,,"K"
"TB",2006,192,2006-07-11,1,1,3.00,73.0,4.2,,
"TB",2006,192,2006-07-11,1,1,5.00,6.0,10.9,,
"TB",2006,192,2006-07-11,1,1,7.00,6.0,5.0,,
"TB",2006,205,2006-07-24,1,1,0.00,5.9,0.8,,
"TB",2006,205,2006-07-24,1,1,2.00,164.4,-26.7,,"K"
"TB",2006,205,2006-07-24,1,1,3.00,55.5,13.6,,"L"
"TB",2006,205,2006-07-24,2,1,3.00,53.3,5.5,,"L"
"TB",2006,205,2006-07-24,1,1,5.00,8.0,7.9,,
"TB",2006,205,2006-07-24,1,1,7.00,4.8,9.0,,
"TB",2006,220,2006-08-08,1,1,0.00,7.4,0.5,,
"TB",2006,220,2006-08-08,1,1,2.00,178.2,-8.7,,"K"
"TB",2006,220,2006-08-08,1,1,3.00,95.1,-28.4,,"K"
"TB",2006,220,2006-08-08,1,1,5.00,8.1,11.8,,
"TB",2006,220,2006-08-08,1,1,7.00,8.9,10.7,,
"TB",2006,234,2006-08-22,1,1,0.00,21.2,1.8,,
"TB",2006,234,2006-08-22,1,1,2.00,91.7,-5.3,,"K"
"TB",2006,234,2006-08-22,1,1,3.00,48.2,6.0,,
"TB",2006,234,2006-08-22,1,1,5.00,10.3,7.2,"L","L"
"TB",2006,234,2006-08-22,2,1,5.00,5.7,2.4,"L","L"
"TB",2006,234,2006-08-22,1,1,7.00,17.6,12.7,,
"TB",2006,250,2006-09-07,1,1,0.00,5.0,0.1,,
"TB",2006,250,2006-09-07,1,1,2.00,257.1,-96.4,,"K"
"TB",2006,250,2006-09-07,1,1,3.00,57.1,-7.4,,"K"
"TB",2006,250,2006-09-07,1,1,5.00,10.6,9.1,,
"TB",2006,250,2006-09-07,2,1,5.00,11.0,9.3,,
"TB",2006,250,2006-09-07,1,1,7.00,10.0,12.1,,
"TB",2006,262,2006-09-19,1,1,0.00,14.6,1.2,,"L"
"TB",2006,262,2006-09-19,2,1,0.00,13.8,3.5,,"L"
"TB",2006,262,2006-09-19,1,1,2.00,67.4,-10.8,,"K"
"TB",2006,262,2006-09-19,1,1,3.00,62.3,-12.9,,"K"
"TB",2006,262,2006-09-19,1,1,5.00,9.5,9.6,,
"TB",2006,262,2006-09-19,1,1,7.00,7.9,14.2,,
"TB",2006,275,2006-10-02,1,1,0.00,4.3,0.3,,
"TB",2006,275,2006-10-02,1,1,2.00,2.9,1.4,,
"TB",2006,275,2006-10-02,1,1,3.00,63.6,-11.3,,"KL"
"TB",2006,275,2006-10-02,2,1,3.00,53.3,1.5,,"L"
"TB",2006,275,2006-10-02,1,1,5.00,10.9,8.6,,
"TB",2006,275,2006-10-02,1,1,7.00,8.6,19.8,,
"TB",2006,290,2006-10-17,1,1,0.00,11.8,3.9,,
"TB",2006,290,2006-10-17,1,1,2.00,4.8,2.2,,
"TB",2006,290,2006-10-17,1,1,3.00,3.8,3.7,"L","L"
"TB",2006,290,2006-10-17,2,1,3.00,5.8,0.5,"L","L"
"TB",2006,290,2006-10-17,1,1,5.00,4.8,5.5,,
"TB",2006,290,2006-10-17,1,1,7.00,12.1,13.5,,
"TB",2006,305,2006-11-01,1,1,0.00,5.2,2.6,,
"TB",2006,305,2006-11-01,1,1,2.00,4.5,1.3,,
"TB",2006,305,2006-11-01,1,1,3.00,4.2,1.6,,
"TB",2006,305,2006-11-01,1,1,5.00,2.4,2.1,,
"TB",2006,305,2006-11-01,1,1,7.00,12.6,10.3,,"L"
"TB",2006,305,2006-11-01,2,1,7.00,10.1,14.9,,"L"
"TB",2007,23,2007-01-23,1,1,0.00,5.2,9.4,,
"TB",2007,23,2007-01-23,1,1,2.00,1.9,10.5,,
"TB",2007,23,2007-01-23,1,1,3.00,6.1,12.2,,
"TB",2007,23,2007-01-23,2,1,3.00,5.0,12.2,,
"TB",2007,23,2007-01-23,1,1,5.00,4.9,8.7,,
"TB",2007,23,2007-01-23,1,1,7.00,4.4,7.7,,
"TB",2007,52,2007-02-21,1,1,0.00,5.0,8.8,,
"TB",2007,52,2007-02-21,1,1,2.00,1.2,7.0,,
"TB",2007,52,2007-02-21,1,1,3.00,1.2,7.4,,
"TB",2007,52,2007-02-21,1,1,5.00,2.3,10.4,,
"TB",2007,52,2007-02-21,1,1,7.00,4.6,9.5,,
"TB",2007,52,2007-02-21,2,1,7.00,4.2,8.4,,
"TB",2007,86,2007-03-27,1,1,0.00,18.3,2.8,,
"TB",2007,86,2007-03-27,1,1,2.00,1.8,3.3,,
"TB",2007,86,2007-03-27,1,1,3.00,1.0,3.4,,
"TB",2007,86,2007-03-27,1,1,5.00,4.3,3.9,,
"TB",2007,86,2007-03-27,1,1,7.00,4.0,8.6,"LO","O"
"TB",2007,86,2007-03-27,2,1,7.00,2.4,10.2,"LO","O"
"TB",2007,115,2007-04-25,1,1,0.00,2.6,1.0,,
"TB",2007,115,2007-04-25,1,1,2.00,12.3,9.2,,
"TB",2007,115,2007-04-25,1,1,3.00,8.7,7.8,,
"TB",2007,115,2007-04-25,1,1,5.00,8.5,8.8,,
"TB",2007,115,2007-04-25,2,1,5.00,8.3,8.8,,
"TB",2007,115,2007-04-25,1,1,7.00,7.2,12.7,,
"TB",2007,129,2007-05-09,1,1,2.00,5.6,10.9,"L",
"TB",2007,129,2007-05-09,2,1,2.00,3.6,11.3,"L",
"TB",2007,129,2007-05-09,1,1,3.00,8.7,5.5,,
"TB",2007,129,2007-05-09,1,1,5.00,8.1,5.6,,
"TB",2007,129,2007-05-09,1,1,7.00,7.3,16.9,,
"TB",2007,142,2007-05-22,1,1,0.00,1.5,0.6,,
"TB",2007,142,2007-05-22,1,1,2.00,46.6,7.7,,"L"
"TB",2007,142,2007-05-22,2,1,2.00,42.4,-10.3,,"KL"
"TB",2007,142,2007-05-22,1,1,3.00,1.7,8.1,,
"TB",2007,142,2007-05-22,1,1,5.00,4.2,7.1,,
"TB",2007,142,2007-05-22,1,1,7.00,12.0,11.9,,
"TB",2007,156,2007-06-05,1,1,0.00,3.2,0.6,,
"TB",2007,156,2007-06-05,2,1,0.00,3.5,0.8,,
"TB",2007,156,2007-06-05,1,1,2.00,199.6,-78.8,,"K"
"TB",2007,156,2007-06-05,1,1,3.00,3.3,5.8,,
"TB",2007,156,2007-06-05,1,1,5.00,2.3,10.9,,
"TB",2007,156,2007-06-05,1,1,7.00,8.4,6.1,,
"TB",2007,169,2007-06-18,1,1,0.00,11.6,0.4,,
"TB",2007,169,2007-06-18,2,1,0.00,13.3,-0.2,,
"TB",2007,169,2007-06-18,1,1,2.00,53.1,4.8,,
"TB",2007,169,2007-06-18,1,1,3.00,10.5,4.8,,
"TB",2007,169,2007-06-18,1,1,5.00,6.8,6.8,,
"TB",2007,169,2007-06-18,1,1,7.00,10.9,7.3,,
"TB",2007,186,2007-07-05,1,1,0.00,5.9,1.7,,
"TB",2007,186,2007-07-05,1,1,2.00,98.7,15.5,,
"TB",2007,186,2007-07-05,1,1,3.00,12.3,14.1,,
"TB",2007,186,2007-07-05,1,1,5.00,3.5,13.1,,
"TB",2007,186,2007-07-05,2,1,5.00,2.8,12.5,,
"TB",2007,186,2007-07-05,1,1,7.00,1.4,25.7,,
"TB",2007,198,2007-07-17,1,1,0.00,4.3,4.4,,
"TB",2007,198,2007-07-17,1,1,2.00,81.9,-3.7,,"K"
"TB",2007,198,2007-07-17,1,1,3.00,51.0,-4.3,,"K"
"TB",2007,198,2007-07-17,2,1,3.00,45.4,-3.0,,"K"
"TB",2007,198,2007-07-17,1,1,5.00,4.0,13.3,,
"TB",2007,198,2007-07-17,1,1,7.00,6.0,14.7,,
"TB",2007,214,2007-08-02,1,1,0.00,8.1,6.6,,
"TB",2007,214,2007-08-02,1,1,2.00,90.0,2.4,,
"TB",2007,214,2007-08-02,1,1,3.00,38.1,9.6,,"L"
"TB",2007,214,2007-08-02,2,1,3.00,39.9,-0.7,,"L"
"TB",2007,214,2007-08-02,1,1,5.00,12.2,4.4,,
"TB",2007,214,2007-08-02,1,1,7.00,6.5,27.3,,
"TB",2007,225,2007-08-13,1,1,0.00,16.3,5.2,,
"TB",2007,225,2007-08-13,1,1,2.00,152.6,15.0,,
"TB",2007,225,2007-08-13,1,1,3.00,46.4,13.5,,
"TB",2007,225,2007-08-13,1,1,5.00,6.6,11.4,,
"TB",2007,225,2007-08-13,2,1,5.00,6.5,10.8,,
"TB",2007,225,2007-08-13,1,1,7.00,2.3,21.5,,
"TB",2007,241,2007-08-29,1,1,0.00,100.5,5.1,,
"TB",2007,241,2007-08-29,1,1,2.00,159.4,-3.3,,"K"
"TB",2007,241,2007-08-29,1,1,3.00,50.8,8.4,"L","L"
"TB",2007,241,2007-08-29,2,1,3.00,38.6,14.4,"L","L"
"TB",2007,241,2007-08-29,1,1,5.00,25.2,9.6,,
"TB",2007,241,2007-08-29,1,1,7.00,15.3,46.0,,
"TB",2007,256,2007-09-13,1,1,0.00,16.1,5.8,,
"TB",2007,256,2007-09-13,1,1,2.00,14.9,10.0,,
"TB",2007,256,2007-09-13,1,1,3.00,53.8,11.0,,
"TB",2007,256,2007-09-13,1,1,5.00,14.8,0.8,,
"TB",2007,256,2007-09-13,1,1,6.00,12.5,6.3,"L","L"
"TB",2007,256,2007-09-13,2,1,6.00,7.0,11.1,"L","L"
"TB",2007,269,2007-09-26,1,1,0.00,5.4,1.1,,
"TB",2007,269,2007-09-26,1,1,2.00,1.5,3.4,,
"TB",2007,269,2007-09-26,1,1,3.00,104.4,3.7,,
"TB",2007,269,2007-09-26,1,1,5.00,6.0,9.2,,
"TB",2007,269,2007-09-26,1,1,6.00,14.7,-2.1,"L","KL"
"TB",2007,269,2007-09-26,2,1,6.00,5.1,9.6,"L","L"
"TB",2007,282,2007-10-09,1,1,0.00,24.4,-3.6,,"K"
"TB",2007,282,2007-10-09,1,1,2.00,2.6,1.9,,
"TB",2007,282,2007-10-09,1,1,3.00,93.7,-8.6,,"K"
"TB",2007,282,2007-10-09,1,1,5.00,8.7,6.8,,
"TB",2007,282,2007-10-09,2,1,5.00,7.1,8.9,,
"TB",2007,282,2007-10-09,1,1,6.00,5.1,11.9,,
"TB",2007,297,2007-10-24,1,1,0.00,19.9,-0.6,,"L"
"TB",2007,297,2007-10-24,2,1,0.00,22.4,-5.2,,"KL"
"TB",2007,297,2007-10-24,1,1,2.00,15.6,2.8,,
"TB",2007,297,2007-10-24,1,1,3.00,18.5,0.0,,
"TB",2007,297,2007-10-24,1,1,5.00,18.6,-3.5,,"K"
"TB",2007,297,2007-10-24,1,1,7.00,6.7,21.6,,
"TB",2007,319,2007-11-15,1,1,0.00,4.4,5.7,"G","G"
"TB",2007,319,2007-11-15,1,1,2.00,10.5,-3.2,"G","GK"
"TB",2007,319,2007-11-15,1,1,3.00,4.4,7.2,"GL","GL"
"TB",2007,319,2007-11-15,2,1,3.00,6.0,5.6,"GL","GL"
"TB",2007,319,2007-11-15,1,1,5.00,4.9,6.4,"G","G"
"TB",2007,319,2007-11-15,1,1,7.00,5.3,4.4,"G","G"
"TB",2008,28,2008-01-28,1,1,0.00,6.8,1.6,"G","G"
"TB",2008,28,2008-01-28,1,1,2.00,0.4,2.5,"G","G"
"TB",2008,28,2008-01-28,1,1,3.00,0.3,3.1,"G","G"
"TB",2008,28,2008-01-28,1,1,5.00,0.6,4.1,"G","G"
"TB",2008,28,2008-01-28,1,1,7.00,0.8,4.6,"G","G"
"TB",2008,28,2008-01-28,2,1,7.00,0.4,5.1,"G","G"
"TB",2008,56,2008-02-25,1,1,0.00,1.8,1.3,,
"TB",2008,56,2008-02-25,1,1,2.00,1.4,1.8,,
"TB",2008,56,2008-02-25,1,1,3.00,1.0,2.4,"L",
"TB",2008,56,2008-02-25,2,1,3.00,5.1,1.6,"L",
"TB",2008,56,2008-02-25,1,1,5.00,0.8,2.7,,
"TB",2008,56,2008-02-25,1,1,7.00,1.6,8.8,,
"TB",2008,87,2008-03-27,1,1,0.00,1.9,2.7,,
"TB",2008,87,2008-03-27,1,1,2.00,0.6,3.0,,
"TB",2008,87,2008-03-27,1,1,3.00,0.3,3.4,,
"TB",2008,87,2008-03-27,1,1,5.00,0.5,2.8,,
"TB",2008,87,2008-03-27,1,1,6.00,0.8,3.3,,
"TB",2008,87,2008-03-27,2,1,6.00,0.7,3.7,,
"TB",2008,129,2008-05-08,1,1,0.00,7.9,1.6,,
"TB",2008,129,2008-05-08,2,1,0.00,8.0,2.0,,
"TB",2008,129,2008-05-08,1,1,2.00,27.5,5.8,,
"TB",2008,129,2008-05-08,1,1,3.00,21.2,0.9,,
"TB",2008,129,2008-05-08,1,1,5.00,17.1,4.6,,
"TB",2008,129,2008-05-08,1,1,7.00,7.2,6.2,,
"TB",2008,142,2008-05-21,1,1,0.00,4.9,3.4,,
"TB",2008,142,2008-05-21,1,1,2.00,5.1,12.6,,
"TB",2008,142,2008-05-21,1,1,3.00,16.8,-5.3,"L","KL"
"TB",2008,142,2008-05-21,2,1,3.00,7.4,8.1,"L","L"
"TB",2008,142,2008-05-21,1,1,5.00,-7.4,30.6,"K","K"
"TB",2008,142,2008-05-21,1,1,7.00,-6.1,29.7,"K","K"
"TB",2008,155,2008-06-03,1,1,0.00,3.1,2.3,,
"TB",2008,155,2008-06-03,1,1,2.00,8.0,5.2,,
"TB",2008,155,2008-06-03,2,1,2.00,7.0,4.6,,
"TB",2008,155,2008-06-03,1,1,3.00,23.4,10.3,,
"TB",2008,155,2008-06-03,1,1,5.00,8.5,2.7,,
"TB",2008,155,2008-06-03,1,1,7.00,6.3,6.1,,
"TB",2008,172,2008-06-20,1,1,0.00,12.8,-2.6,"KL","K"
"TB",2008,172,2008-06-20,2,1,0.00,4.9,-0.8,"L","L"
"TB",2008,172,2008-06-20,1,1,2.00,10.6,-1.7,,"K"
"TB",2008,172,2008-06-20,1,1,3.00,88.9,-27.7,,"K"
"TB",2008,172,2008-06-20,1,1,5.00,9.8,-2.0,,"K"
"TB",2008,172,2008-06-20,1,1,7.00,6.4,3.9,,
"TB",2008,182,2008-06-30,1,1,0.00,10.4,8.7,,"L"
"TB",2008,182,2008-06-30,2,1,0.00,10.9,3.4,,"L"
"TB",2008,182,2008-06-30,1,1,2.00,67.0,2.6,,
"TB",2008,182,2008-06-30,1,1,3.00,101.3,6.4,,
"TB",2008,182,2008-06-30,1,1,5.00,-0.5,12.2,"K",
"TB",2008,182,2008-06-30,1,1,7.00,57.0,-45.8,,"K"
"TB",2008,210,2008-07-28,1,1,0.00,2.1,1.1,,
"TB",2008,210,2008-07-28,1,1,2.00,89.7,25.3,"L","L"
"TB",2008,210,2008-07-28,2,1,2.00,48.6,18.4,"L","L"
"TB",2008,210,2008-07-28,1,1,3.00,120.8,11.3,,
"TB",2008,210,2008-07-28,1,1,5.00,7.0,9.9,,
"TB",2008,210,2008-07-28,1,1,7.00,2.5,8.6,,
"TB",2008,226,2008-08-13,1,1,0.00,6.4,5.9,,
"TB",2008,226,2008-08-13,1,1,2.00,193.7,25.5,,
"TB",2008,226,2008-08-13,1,1,3.00,126.3,18.5,,
"TB",2008,226,2008-08-13,1,1,5.00,8.5,12.8,"L","L"
"TB",2008,226,2008-08-13,2,1,5.00,13.6,4.7,"L","L"
"TB",2008,226,2008-08-13,1,1,7.00,3.0,12.7,,
"TB",2008,239,2008-08-26,1,1,0.00,5.9,4.9,,
"TB",2008,239,2008-08-26,1,1,2.00,333.0,29.9,"L","L"
"TB",2008,239,2008-08-26,2,1,2.00,-473.6,830.8,"KL","L"
"TB",2008,239,2008-08-26,1,1,3.00,368.7,-209.6,,"K"
"TB",2008,239,2008-08-26,1,1,5.00,179.0,-147.9,,"K"
"TB",2008,239,2008-08-26,1,1,6.00,30.6,-3.8,,"K"
"TB",2008,255,2008-09-11,1,1,0.00,11.0,8.9,,
"TB",2008,255,2008-09-11,1,1,2.00,257.7,-4.2,"L","KL"
"TB",2008,255,2008-09-11,2,1,2.00,312.0,-52.0,"L","KL"
"TB",2008,255,2008-09-11,1,1,3.00,116.1,27.0,,
"TB",2008,255,2008-09-11,1,1,5.00,45.3,15.6,,
"TB",2008,255,2008-09-11,1,1,7.00,64.5,18.1,,
"TB",2008,267,2008-09-23,1,1,0.00,75.6,-46.7,"L","KL"
"TB",2008,267,2008-09-23,2,1,0.00,379.6,-320.3,"L","KL"
"TB",2008,267,2008-09-23,1,1,2.00,317.6,-212.1,,"K"
"TB",2008,267,2008-09-23,1,1,3.00,217.6,-172.0,,"K"
"TB",2008,267,2008-09-23,1,1,5.00,11.2,11.0,,
"TB",2008,267,2008-09-23,1,1,7.00,18.4,-6.5,,"K"
"TB",2008,280,2008-10-06,1,1,0.00,74.6,23.5,,"L"
"TB",2008,280,2008-10-06,2,1,0.00,73.4,30.9,,"L"
"TB",2008,280,2008-10-06,1,1,2.00,57.7,2.4,,
"TB",2008,280,2008-10-06,1,1,3.00,145.6,-5.5,,"K"
"TB",2008,280,2008-10-06,1,1,5.00,36.1,23.8,,
"TB",2008,280,2008-10-06,1,1,7.00,5.9,16.9,,
"TB",2008,295,2008-10-21,1,1,0.00,9.7,4.7,,
"TB",2008,295,2008-10-21,1,1,2.00,8.9,4.7,,
"TB",2008,295,2008-10-21,1,1,3.00,13.3,5.8,,
"TB",2008,295,2008-10-21,2,1,3.00,11.3,5.5,,
"TB",2008,295,2008-10-21,1,1,5.00,8.2,9.6,,
"TB",2008,295,2008-10-21,1,1,6.00,3.3,10.7,,
"TB",2008,316,2008-11-11,1,1,0.00,7.0,2.8,,
"TB",2008,316,2008-11-11,1,1,2.00,6.1,3.6,,
"TB",2008,316,2008-11-11,1,1,3.00,6.2,3.0,,
"TB",2008,316,2008-11-11,1,1,5.00,6.2,3.0,,
"TB",2008,316,2008-11-11,1,1,6.50,2.0,8.0,,
"TB",2008,316,2008-11-11,2,1,6.50,1.4,9.0,,
"TB",2009,22,2009-01-22,1,1,0.00,98.6,1.8,,
"TB",2009,22,2009-01-22,1,1,3.00,0.4,2.3,,
"TB",2009,22,2009-01-22,1,1,5.00,0.4,2.0,,
"TB",2009,22,2009-01-22,1,1,7.00,2.8,7.1,,"L"
"TB",2009,22,2009-01-22,2,1,7.00,3.0,5.4,,"L"
"TB",2009,48,2009-02-17,1,1,0.00,5.9,2.0,,
"TB",2009,48,2009-02-17,2,1,0.00,6.3,1.7,,
"TB",2009,48,2009-02-17,1,1,2.00,1.2,1.7,,
"TB",2009,48,2009-02-17,1,1,3.00,0.8,2.4,,
"TB",2009,48,2009-02-17,1,1,5.00,1.2,2.6,,
"TB",2009,48,2009-02-17,1,1,7.00,1.1,5.4,,
"TB",2009,84,2009-03-25,1,1,0.00,13.3,2.1,,
"TB",2009,84,2009-03-25,1,1,2.00,2.7,1.8,,
"TB",2009,84,2009-03-25,1,1,3.00,3.1,1.1,,
"TB",2009,84,2009-03-25,2,1,3.00,2.5,2.3,,
"TB",2009,84,2009-03-25,1,1,5.00,2.3,3.1,,
"TB",2009,84,2009-03-25,1,1,7.00,4.2,7.3,,
"TB",2009,118,2009-04-28,1,1,0.00,145.2,5.1,,
"TB",2009,118,2009-04-28,1,1,2.00,24.5,9.6,,
"TB",2009,118,2009-04-28,1,1,3.00,17.9,11.8,,
"TB",2009,118,2009-04-28,1,1,5.00,11.0,6.1,,
"TB",2009,118,2009-04-28,1,1,7.00,14.9,9.1,,"L"
"TB",2009,118,2009-04-28,2,1,7.00,12.7,12.2,,"L"
"TB",2009,134,2009-05-14,1,1,0.00,106.3,-11.2,,"K"
"TB",2009,134,2009-05-14,1,1,2.00,11.8,15.3,,
"TB",2009,134,2009-05-14,2,1,2.00,11.4,16.2,,
"TB",2009,134,2009-05-14,1,1,3.00,15.0,12.5,,
"TB",2009,134,2009-05-14,1,1,5.00,7.9,12.0,,
"TB",2009,134,2009-05-14,1,1,7.00,9.1,23.3,,
"TB",2009,149,2009-05-29,1,1,0.00,5.8,1.1,"L","L"
"TB",2009,149,2009-05-29,2,1,0.00,8.1,5.6,"L","L"
"TB",2009,149,2009-05-29,1,1,2.00,16.0,10.1,,
"TB",2009,149,2009-05-29,1,1,3.00,20.7,18.6,,
"TB",2009,149,2009-05-29,1,1,5.00,17.4,12.3,,
"TB",2009,149,2009-05-29,1,1,7.00,34.0,11.5,,
"TB",2009,160,2009-06-09,1,1,0.00,6.3,-1.1,"J","JK"
"TB",2009,160,2009-06-09,1,1,2.00,15.2,4.6,"J","J"
"TB",2009,160,2009-06-09,1,1,3.00,35.0,20.1,"J","J"
"TB",2009,160,2009-06-09,1,1,5.00,65.6,-19.5,"J","JK"
"TB",2009,160,2009-06-09,1,1,7.00,15.8,12.0,"J","JL"
"TB",2009,160,2009-06-09,2,1,7.00,19.1,0.6,"J","JL"
"TB",2009,173,2009-06-22,1,1,0.00,7.4,-0.5,,
"TB",2009,173,2009-06-22,1,1,2.00,128.0,13.1,,
"TB",2009,173,2009-06-22,1,1,3.00,39.7,16.6,,
"TB",2009,173,2009-06-22,1,1,5.00,12.5,10.8,,
"TB",2009,173,2009-06-22,2,1,5.00,15.4,8.4,,
"TB",2009,173,2009-06-22,1,1,7.00,4.1,12.3,,
"TB",2009,187,2009-07-06,1,1,0.00,19.0,-10.8,"L","KL"
"TB",2009,187,2009-07-06,2,1,0.00,3.7,2.5,"L","L"
"TB",2009,187,2009-07-06,1,1,2.00,217.0,5.4,,
"TB",2009,187,2009-07-06,1,1,3.00,78.4,-0.9,,
"TB",2009,187,2009-07-06,1,1,5.00,28.3,9.4,,
"TB",2009,187,2009-07-06,1,1,6.00,15.0,8.6,,
"TB",2009,202,2009-07-21,1,1,0.00,12.4,1.8,"LO","LO"
"TB",2009,202,2009-07-21,2,1,0.00,9.1,3.1,"LO","LO"
"TB",2009,202,2009-07-21,1,1,2.00,140.4,13.6,,
"TB",2009,202,2009-07-21,1,1,3.00,137.3,3.6,,
"TB",2009,202,2009-07-21,1,1,5.00,16.8,19.0,,
"TB",2009,202,2009-07-21,1,1,6.00,11.2,13.5,,
"TB",2009,217,2009-08-05,1,1,0.00,1.9,8.5,,
"TB",2009,217,2009-08-05,1,1,2.00,477.6,26.0,,
"TB",2009,217,2009-08-05,2,1,2.00,458.7,31.3,,
"TB",2009,217,2009-08-05,1,1,3.00,171.3,30.4,,
"TB",2009,217,2009-08-05,1,1,5.00,22.4,21.6,,
"TB",2009,217,2009-08-05,1,1,6.00,12.8,29.8,,
"TB",2009,229,2009-08-17,1,1,0.00,4.1,3.0,,
"TB",2009,229,2009-08-17,2,1,0.00,5.4,1.2,,
"TB",2009,229,2009-08-17,1,1,2.00,201.8,12.1,,
"TB",2009,229,2009-08-17,1,1,3.00,141.8,18.9,,
"TB",2009,229,2009-08-17,1,1,5.00,17.8,16.6,,
"TB",2009,229,2009-08-17,1,1,6.00,11.6,17.3,,
"TB",2009,245,2009-09-02,1,1,0.00,21.4,-10.4,"OJ","OJ"
"TB",2009,245,2009-09-02,1,1,2.00,153.6,-94.7,"OJ","OJ"
"TB",2009,245,2009-09-02,1,1,3.00,267.9,-201.1,"OJ","OJ"
"TB",2009,245,2009-09-02,1,1,5.00,55.2,-36.9,"OJ","OJ"
"TB",2009,245,2009-09-02,2,1,5.00,48.6,-27.7,"OJ","OJ"
"TB",2009,245,2009-09-02,1,1,6.00,40.2,-20.6,"OJ","OJ"
"TB",2009,258,2009-09-15,1,1,0.00,5.3,-2.1,"OJ","OJ"
"TB",2009,258,2009-09-15,1,1,2.00,69.3,-37.2,"OJ","OJ"
"TB",2009,258,2009-09-15,1,1,3.00,425.0,-327.2,"OJ","OJ"
"TB",2009,258,2009-09-15,1,1,5.00,47.5,-31.2,"OJ","OJ"
"TB",2009,258,2009-09-15,1,1,6.00,40.4,-25.7,"OJ","OJ"
"TB",2009,258,2009-09-15,2,1,6.00,41.2,-27.6,"OJ","OJ"
"TB",2009,271,2009-09-28,1,1,0.00,7.1,2.0,,
"TB",2009,271,2009-09-28,2,1,0.00,6.8,2.6,,
"TB",2009,271,2009-09-28,1,1,2.00,55.7,3.9,,
"TB",2009,271,2009-09-28,1,1,3.00,62.3,-5.1,,"K"
"TB",2009,271,2009-09-28,1,1,5.00,15.6,13.1,,
"TB",2009,271,2009-09-28,1,1,6.00,13.9,12.3,,
"TB",2009,285,2009-10-12,1,1,0.00,22.5,-10.5,"O","KO"
"TB",2009,285,2009-10-12,1,1,2.00,13.7,4.5,,
"TB",2009,285,2009-10-12,2,1,2.00,13.9,3.0,,
"TB",2009,285,2009-10-12,1,1,3.00,14.3,3.1,,
"TB",2009,285,2009-10-12,1,1,5.00,29.7,9.4,,
"TB",2009,285,2009-10-12,1,1,6.00,16.9,9.7,,
"TB",2009,300,2009-10-27,1,1,0.00,25.2,2.6,,
"TB",2009,300,2009-10-27,1,1,2.00,11.8,4.6,,
"TB",2009,300,2009-10-27,1,1,3.00,9.6,5.5,,
"TB",2009,300,2009-10-27,2,1,3.00,7.8,4.1,,
"TB",2009,300,2009-10-27,1,1,5.00,5.5,5.4,,
"TB",2009,300,2009-10-27,1,1,7.00,8.4,17.2,,
"TB",2009,320,2009-11-16,1,1,0.00,10.1,8.3,,
"TB",2009,320,2009-11-16,1,1,2.00,10.9,7.3,,
"TB",2009,320,2009-11-16,1,1,3.00,8.9,8.8,"L","L"
"TB",2009,320,2009-11-16,2,1,3.00,13.4,3.6,"L","L"
"TB",2009,320,2009-11-16,1,1,5.00,13.3,3.9,,
"TB",2009,320,2009-11-16,1,1,7.00,13.8,2.5,,
